StartDate,EndDate,Progress,Duration,Finished,RecordedDate,indust,industxt,posit,positxt,ftime,budget,esoil,ewater,eweath,eother,ena,eothtxt,lanthro,lcows,lfish,lgoats,lpigs,lpolt,lsheep,lwild,lother,lna,lothtxt,paqua,pbioen,pcereal,pfiber,pfruit,pherbs,pmedi,pnuts,pornam,ppasture,pgen,ppulse,prizom,psoybean,psugar,ptrees,pveggie,pweeds,pother,pna,pothtxt,micpath,tagrono,tanbeha,tannutr,tansci,tanwel,tbreed,tecology,tevolu,tgenet,tpatho,tphysio,tpadevel,tagrieng,tsensors,tsofteng,tstats,tmath,tinform,tcompsci,tsoilsci,tenvsci,tconser,tgeosci,tother,tothtxt,value,situat,utfixed,utmulti,utsingle,utvert,utother,utothtxt,usrgb,usthrem,usmulti,ushyper,uslidar,usdevel,usother,usothtxt,uggcp,ugrtk,ugppk,uggps,ugnone,ugother,ugothtxt,uigimb,uitand,uicolor,uispect,uitherm,uiother,uiothtxt,fpdjifp,fpdroned,fpdronel,fpfielda,fpmicas,fppix4d,fpwingt,fpnotsur,fpother,fpothtxt,piagso,pidjigs,piimageb,pimapsm,pionedro,piopendr,pipix4dm,pinotsur,piother,piothtxt,sreskm,sreshect,sresm,srescm,sresmm,treslt1,tres1py,tresmpy,tres1pw,tresmpw,tres1pd,tresmpd,dspubcl,dspricl,dsinst,dsgrpser,dshdd,dsother,dsothtxt,uproto,upublic,ireskm,ireshect,iresm,irescm,iresmm,itreslt1,itres1py,itresmpy,itres1pw,itresmpw,itres1pd,itresmpd,bsatisf,bhcosst,buncert,blkinst,blkanal,bgaps,bltrain,blpeop,bdisint,bdatast,bregul,bproto,bnobar,bother,bothtxt,resource,resourtx,adopt,adoptxt,gender,age,educat,country,ethaapi,ethbaaa,ethhisp,ethnaan,ethwhi,ethpns,ethrnl,ethrnltx
1/14/2022 8:04,1/14/2022 8:19,100,901,1,1/14/2022 8:19,1,,2,,,,0,0,1,0,0,,0,0,0,0,0,0,0,0,0,1,,0,0,1,1,0,0,0,0,0,0,0,1,1,1,1,0,0,0,0,0,,1,0,0,0,0,0,0,0,0,0,0,0,0,0,1,0,1,0,0,0,0,0,0,0,1,Remote Sensing,1,2,,,,,,,,,,,,,,,,,,,,,,,,,,,,,,,,,,,,,,,,,,,,,,,,,,,,,,,,,,,,,,,,,,,,,,0,0,1,1,1,0,0,0,0,0,1,1,0,1,0,0,1,1,0,0,0,0,0,0,0,0,,2,,5,,1,2,5,78,,,,,,,,
1/14/2022 8:15,1/14/2022 8:25,100,582,1,1/14/2022 8:25,2,,2,,,,0,0,0,1,0,Plant,0,0,0,0,0,0,0,0,0,1,,0,0,1,1,0,0,0,0,0,0,0,0,0,1,0,0,0,0,0,0,,0,1,0,0,0,0,1,0,0,1,0,0,0,0,0,0,0,0,0,0,0,0,0,0,0,,2,1,0,1,0,0,0,,1,0,1,0,0,0,0,,0,0,0,1,0,0,,1,0,1,0,0,0,,1,1,0,0,0,1,0,0,0,,0,0,0,0,0,0,0,1,0,,0,1,1,0,0,0,0,0,1,0,0,0,0,0,0,1,0,0,,1,0,,,,,,,,,,,,,0,1,1,0,0,0,0,0,0,1,0,0,0,0,,3,,2,,1,2,5,24,,,,,,,,
1/14/2022 8:20,1/14/2022 8:27,100,408,1,1/14/2022 8:27,6,,11,Professional eager to know more,,,0,0,0,1,0,crops,0,0,0,0,0,0,0,0,0,1,,0,0,1,0,0,0,0,0,0,0,0,0,0,1,0,0,0,1,0,0,,1,1,0,0,0,0,0,0,0,0,0,0,1,1,0,0,0,0,0,0,0,0,0,0,0,,1,2,,,,,,,,,,,,,,,,,,,,,,,,,,,,,,,,,,,,,,,,,,,,,,,,,,,,,,,,,,,,,,,,,,,,,,0,0,0,1,1,0,0,0,1,0,0,0,0,1,0,0,1,1,0,0,0,0,0,0,0,0,,2,,2,,2,3,5,7,,,,,,,,
1/14/2022 8:27,1/14/2022 8:34,100,446,1,1/14/2022 8:34,5,,5,,,,0,0,0,1,0,Plant,,,,,,,,,,,,0,0,1,0,0,0,0,0,0,0,0,0,0,0,0,0,0,0,0,0,,0,1,0,0,0,0,0,0,0,0,0,0,0,0,0,0,1,0,0,0,1,0,0,0,0,,2,2,,,,,,,,,,,,,,,,,,,,,,,,,,,,,,,,,,,,,,,,,,,,,,,,,,,,,,,,,,,,,,,,,,,,,,0,0,0,1,0,0,0,1,1,0,0,0,0,1,0,1,1,0,0,0,0,0,0,0,0,0,,6,,6,,2,1,4,17,,,,,,,,
1/14/2022 8:27,1/14/2022 8:40,100,775,1,1/14/2022 8:40,2,,1,,3,1,0,0,0,0,1,,0,0,0,0,0,0,0,0,0,1,,0,1,1,0,0,0,0,0,0,0,0,0,0,1,1,0,0,1,0,0,,1,1,0,0,0,0,0,0,0,0,0,0,0,1,0,0,0,0,0,0,0,1,0,0,0,,1,2,,,,,,,,,,,,,,,,,,,,,,,,,,,,,,,,,,,,,,,,,,,,,,,,,,,,,,,,,,,,,,,,,,,,,,0,1,0,0,0,0,0,0,1,0,0,0,0,1,1,0,0,0,0,0,0,0,0,0,0,0,,6,,5,,1,2,4,24,,,,,,,,
1/14/2022 8:43,1/14/2022 8:47,100,255,1,1/14/2022 8:47,5,,5,,,,0,0,0,1,0,Crop,0,0,0,0,0,0,0,0,0,1,,0,0,0,0,1,0,0,0,0,0,0,0,0,0,0,0,0,0,0,0,,0,0,0,0,0,0,0,0,0,0,0,1,0,1,0,0,0,0,0,1,0,0,0,0,0,,1,2,,,,,,,,,,,,,,,,,,,,,,,,,,,,,,,,,,,,,,,,,,,,,,,,,,,,,,,,,,,,,,,,,,,,,,0,0,1,1,1,0,0,0,1,0,0,0,0,0,0,1,1,0,0,0,0,0,0,0,0,0,,1,,4,,2,2,5,187,1,0,0,0,0,0,0,
1/14/2022 8:55,1/14/2022 8:58,100,165,1,1/14/2022 8:58,1,,2,,,,1,1,0,0,0,,0,0,0,0,0,0,0,0,0,1,,0,0,1,0,0,0,0,0,0,0,0,0,0,0,0,0,0,0,0,0,,0,1,0,0,0,0,0,0,0,0,0,0,0,1,1,0,0,0,0,0,0,0,0,0,0,,1,1,1,1,0,1,0,,0,1,1,0,0,0,0,,1,0,0,0,0,0,,1,0,0,0,0,0,,0,0,0,0,0,1,0,0,0,,0,0,0,0,0,0,1,0,0,,0,0,1,0,0,0,0,0,1,0,0,0,0,0,0,0,0,1,,0,0,,,,,,,,,,,,,0,0,0,0,0,0,0,0,0,0,0,0,0,1,,1,,2,,1,1,,,,,,,,,,
1/14/2022 9:05,1/14/2022 9:11,100,350,1,1/14/2022 9:11,1,,2,,,,0,0,0,1,0,Maize and wheat systems,0,0,0,0,0,0,0,0,0,1,,0,0,1,0,0,0,0,0,0,0,0,0,0,0,0,0,0,0,0,0,,0,1,0,0,0,0,1,0,0,0,0,1,0,0,0,0,0,0,0,0,0,0,0,0,0,,1,1,1,1,0,0,0,,1,1,1,0,0,0,0,,1,1,0,0,0,0,,1,0,1,1,1,0,,1,0,0,0,0,0,0,0,1,emotion,0,0,0,0,0,0,1,0,0,,0,0,0,1,0,0,0,0,1,0,0,0,0,1,1,0,1,0,,1,1,,,,,,,,,,,,,0,0,0,0,0,0,0,0,0,0,1,0,0,0,,7,Less regulation,1,,1,4,5,111,,,,,,,,
1/14/2022 9:09,1/14/2022 9:19,100,619,1,1/14/2022 9:19,1,,2,,,,0,0,1,0,0,,0,0,0,0,0,0,0,0,0,1,,0,0,1,0,0,0,0,0,0,0,0,0,0,0,0,0,0,0,0,0,,0,0,0,0,0,0,1,0,0,0,0,0,1,0,0,0,0,0,0,0,0,0,0,0,0,,1,2,,,,,,,,,,,,,,,,,,,,,,,,,,,,,,,,,,,,,,,,,,,,,,,,,,,,,,,,,,,,,,,,,,,,,,0,1,1,0,0,0,0,0,1,1,1,0,0,0,0,0,1,0,1,0,0,1,0,0,0,0,,6,,1,,1,2,5,,,,,,,,,
1/14/2022 9:31,1/14/2022 9:35,100,220,1,1/14/2022 9:35,5,,5,,,,0,0,0,1,0,Plant breeding,1,0,0,0,0,0,0,0,0,0,,0,0,0,0,0,0,0,0,0,0,0,0,0,0,0,0,1,0,0,0,,0,0,0,0,0,0,1,0,0,0,0,0,0,0,0,0,1,0,1,0,0,0,0,0,0,,2,2,,,,,,,,,,,,,,,,,,,,,,,,,,,,,,,,,,,,,,,,,,,,,,,,,,,,,,,,,,,,,,,,,,,,,,0,1,0,0,0,0,0,1,0,0,0,0,,,,,,,,,,,,,,,,2,,,,1,1,3,121,,,,,,,,
1/14/2022 10:43,1/14/2022 10:58,100,928,1,1/14/2022 10:58,5,,5,,,,0,0,0,1,0,plant,0,0,0,0,0,0,0,0,0,1,,0,0,0,1,1,0,0,0,0,1,1,1,0,1,0,0,0,0,0,0,,0,0,0,0,0,0,1,0,0,0,0,0,0,0,1,0,0,0,0,1,0,0,0,0,0,,2,1,0,1,0,0,0,,1,1,1,0,1,0,0,,1,0,0,0,1,0,,1,0,1,1,1,0,,1,0,0,0,0,1,0,0,0,,0,0,0,0,0,1,1,0,0,,0,0,0,1,1,0,0,1,0,0,0,0,1,1,1,1,1,0,,0,1,,,,,,,,,,,,,0,0,0,0,0,0,0,0,0,0,0,0,1,0,,5,,5,,1,2,5,187,1,0,0,0,0,0,0,
1/14/2022 11:50,1/14/2022 11:58,100,505,1,1/14/2022 11:58,2,,11,Director,,,0,0,0,0,1,,0,0,0,0,0,0,0,0,0,1,,0,0,0,0,0,0,0,0,0,0,0,0,0,0,1,0,0,0,0,0,,1,0,0,0,0,0,1,0,0,0,1,0,0,0,0,0,1,0,0,0,0,0,0,0,0,,1,1,0,1,0,0,0,,1,0,0,0,0,0,0,,1,1,0,0,0,0,,1,0,1,1,0,0,,0,0,0,0,0,1,0,0,0,,0,0,0,0,0,0,1,0,0,,0,0,0,1,0,0,0,1,0,0,0,0,0,1,0,0,0,0,,0,0,,,,,,,,,,,,,0,1,0,0,1,0,0,0,0,0,0,0,0,0,,6,,4,,1,5,5,24,,,,,,,,
1/14/2022 12:02,1/14/2022 12:04,100,100,1,1/14/2022 12:04,,,,,,,,,,,,,,,,,,,,,,,,,,,,,,,,,,,,,,,,,,,,,,,,,,,,,,,,,,,,,,,,,,,,,,,,,,,,,,,,,,,,,,,,,,,,,,,,,,,,,,,,,,,,,,,,,,,,,,,,,,,,,,,,,,,,,,,,,,,,,,,,,,,,,,,,,,,,,,,,,,,,,,,,,,,,,,,,,,,,,,,,
1/14/2022 11:51,1/14/2022 12:04,100,757,1,1/14/2022 12:04,2,,1,,2,3,1,0,0,0,0,,0,1,0,0,1,0,1,0,0,0,,0,0,1,1,1,0,0,0,0,1,0,1,0,1,1,0,0,1,0,0,,1,1,0,0,0,0,0,0,0,0,0,0,0,0,1,1,0,0,0,0,0,0,0,0,0,,2,1,1,1,0,0,0,,1,1,1,1,0,0,1,High resolution IMU/GPS and sensor packs,1,1,1,1,0,0,,1,0,1,1,1,0,,0,0,0,0,0,1,0,0,0,,0,0,0,0,0,0,1,0,0,,1,1,1,1,0,1,1,0,1,0,0,0,1,0,0,1,1,0,,1,1,,,,,,,,,,,,,0,0,0,0,0,0,0,0,0,1,0,1,0,1,Improving satellite resolution,3,,4,,1,5,4,187,0,0,0,0,0,1,0,
1/14/2022 13:22,1/14/2022 13:26,100,261,1,1/14/2022 13:26,,,,,,,,,,,,,,,,,,,,,,,,,,,,,,,,,,,,,,,,,,,,,,,,,,,,,,,,,,,,,,,,,,,,,,,,,,,,,,,,,,,,,,,,,,,,,,,,,,,,,,,,,,,,,,,,,,,,,,,,,,,,,,,,,,,,,,,,,,,,,,,,,,,,,,,,,,,,,,,,,,,,,,,,,,,,,,,,,,,,,,,,
1/14/2022 13:48,1/14/2022 13:54,100,379,1,1/14/2022 13:54,2,,2,,,,1,1,1,0,0,,0,0,0,0,0,0,0,0,0,1,,0,0,1,0,0,0,0,0,0,0,0,0,1,0,0,0,0,0,0,0,,0,1,0,0,0,0,0,0,0,0,0,0,0,0,0,0,0,0,0,0,1,1,0,0,0,,1,1,1,1,0,0,0,,1,1,1,0,0,0,0,,1,0,0,0,0,0,,1,0,1,1,0,0,,1,0,0,1,1,1,0,0,0,,1,1,0,0,0,1,1,0,0,,0,0,1,1,1,0,0,0,1,0,0,0,0,1,1,1,1,0,,1,1,,,,,,,,,,,,,0,0,0,1,1,0,0,0,0,0,0,0,0,0,,6,,2,,1,1,5,187,0,0,0,0,1,0,0,
1/14/2022 13:59,1/14/2022 14:07,100,467,1,1/14/2022 14:07,2,,2,,,,0,0,0,1,0,"Plants, Wheat Corn ",0,0,0,0,0,0,0,0,0,1,,0,0,1,0,0,0,0,0,0,0,0,0,0,0,0,0,0,0,0,0,,0,0,0,0,0,0,1,0,0,0,0,0,0,1,0,0,0,0,0,0,1,0,0,0,0,,1,2,,,,,,,,,,,,,,,,,,,,,,,,,,,,,,,,,,,,,,,,,,,,,,,,,,,,,,,,,,,,,,,,,,,,,,0,1,1,1,1,0,0,0,1,1,1,1,0,1,0,1,1,0,0,0,0,0,0,0,0,0,,6,,5,,1,4,5,137,,,,,,,,
1/14/2022 15:09,1/14/2022 15:16,100,436,1,1/14/2022 15:16,2,,1,,4,6,1,1,1,1,0,Plants,,,,,,,,,,,,0,0,0,0,0,0,0,0,0,0,1,0,0,1,0,0,0,0,1,0,Corn,1,1,0,0,0,0,1,0,0,0,0,0,0,1,0,0,0,0,0,0,0,0,0,0,0,,1,2,,,,,,,,,,,,,,,,,,,,,,,,,,,,,,,,,,,,,,,,,,,,,,,,,,,,,,,,,,,,,,,,,,,,,,0,0,0,1,0,0,0,0,0,0,0,1,1,0,0,0,0,0,0,0,0,1,0,1,0,0,,3,,7,3rd party suppliers and internal developments,1,3,4,187,0,0,1,0,0,0,0,
1/14/2022 19:56,1/14/2022 20:00,100,237,1,1/14/2022 20:00,5,,6,,,,0,0,0,1,0,,0,0,0,0,0,0,0,0,1,0,,0,0,1,0,0,0,0,0,0,0,0,0,0,0,0,0,0,0,0,0,,0,0,0,0,0,0,0,0,0,0,0,0,0,0,0,0,0,0,0,0,0,0,0,0,1,,3,2,,,,,,,,,,,,,,,,,,,,,,,,,,,,,,,,,,,,,,,,,,,,,,,,,,,,,,,,,,,,,,,,,,,,,,0,1,1,0,0,0,0,1,0,0,0,0,0,1,0,0,0,1,1,0,0,0,0,0,0,0,,7,,6,,2,1,3,121,,,,,,,,
1/14/2022 23:43,1/14/2022 23:55,100,680,1,1/14/2022 23:55,1,,11,OCT expert ,,,0,0,0,1,0,UAV for Agriculture,,,,,,,,,,,,0,0,0,0,0,0,0,0,0,0,0,0,0,0,0,0,0,0,0,1,,0,0,0,0,0,0,1,0,0,0,0,0,0,0,1,0,0,0,0,1,0,0,0,0,0,,1,1,0,1,0,0,0,,1,0,1,0,0,0,0,,1,0,0,0,0,0,,0,0,0,1,0,0,,0,0,0,0,0,1,0,0,0,,1,0,0,0,0,0,1,0,0,,0,0,1,1,0,0,0,1,0,0,0,0,0,0,0,0,1,0,,1,1,,,,,,,,,,,,,0,1,0,0,1,0,0,0,0,0,1,0,0,0,,4,,6,,1,3,4,58,,,,,,,,
1/15/2022 1:05,1/15/2022 1:46,100,2470,1,1/15/2022 1:46,1,,3,,,,1,1,0,0,0,,0,0,0,0,0,0,0,0,0,1,,0,0,0,0,0,0,0,0,0,0,0,0,0,0,1,0,0,0,0,0,,0,0,0,0,0,0,0,0,0,0,0,0,0,1,0,0,0,0,0,0,1,0,0,1,0,,1,2,,,,,,,,,,,,,,,,,,,,,,,,,,,,,,,,,,,,,,,,,,,,,,,,,,,,,,,,,,,,,,,,,,,,,,0,0,1,0,0,0,0,1,0,0,0,0,0,1,0,0,0,0,0,0,0,1,0,0,0,0,,4,,4,,1,4,4,58,,,,,,,,
1/16/2022 16:26,1/16/2022 16:34,100,494,1,1/16/2022 16:34,5,,3,,,,0,0,0,1,0,Farm,0,0,0,0,0,0,0,0,1,0,Plants,0,0,0,0,0,0,0,0,0,0,0,0,0,0,0,0,1,0,0,0,,0,1,0,0,0,0,1,0,0,1,0,0,0,0,0,0,0,0,0,0,0,0,0,0,0,,2,2,,,,,,,,,,,,,,,,,,,,,,,,,,,,,,,,,,,,,,,,,,,,,,,,,,,,,,,,,,,,,,,,,,,,,,0,0,0,1,0,0,0,0,0,1,0,0,0,1,1,1,0,0,0,0,0,0,0,0,0,0,,3,,5,,1,1,4,24,,,,,,,,
1/16/2022 3:10,1/17/2022 1:52,100,81720,1,1/17/2022 1:52,2,,3,,,,0,0,1,0,0,,1,1,1,1,1,1,1,1,0,0,,1,1,1,1,1,1,1,1,1,1,1,1,1,1,1,1,1,1,0,0,,1,1,0,0,0,0,0,0,0,0,0,0,0,1,0,0,0,0,0,1,0,0,0,0,0,,1,2,,,,,,,,,,,,,,,,,,,,,,,,,,,,,,,,,,,,,,,,,,,,,,,,,,,,,,,,,,,,,,,,,,,,,,1,1,1,1,0,1,1,1,1,1,1,0,0,1,0,0,0,1,0,0,0,1,0,0,0,0,,2,,4,,1,1,4,19,,,,,,,,
1/17/2022 2:46,1/17/2022 3:00,100,855,1,1/17/2022 3:00,5,,2,,,,0,0,0,1,0,Fungal indection,,,,,,,,,,,,0,0,1,0,0,0,0,0,0,0,1,1,0,1,0,0,0,0,0,0,,1,0,0,0,0,0,1,0,0,1,1,0,0,0,0,0,0,0,0,0,0,0,0,0,0,,2,2,,,,,,,,,,,,,,,,,,,,,,,,,,,,,,,,,,,,,,,,,,,,,,,,,,,,,,,,,,,,,,,,,,,,,,0,1,1,1,0,0,0,0,1,0,0,0,0,1,0,0,1,0,1,0,0,0,0,0,0,0,,4,,5,,2,1,5,78,,,,,,,,
1/17/2022 6:21,1/17/2022 6:28,100,398,1,1/17/2022 6:28,1,,2,,,,0,0,0,1,0,Melhoramento de plantas ,0,0,0,0,0,0,0,0,0,1,,0,0,0,0,0,0,0,0,0,0,0,0,0,1,0,0,0,0,0,0,,0,1,0,0,0,0,0,0,0,1,0,0,0,0,0,0,1,0,0,0,0,0,0,0,0,,1,1,0,1,0,0,0,,1,0,1,0,1,0,0,,1,0,0,0,0,0,,1,0,1,0,0,0,,0,0,0,0,0,1,0,0,0,,0,0,0,0,0,0,1,0,0,,0,0,1,0,0,0,0,1,1,1,0,0,0,1,0,0,0,0,,1,1,,,,,,,,,,,,,0,1,0,1,0,1,0,0,0,0,0,0,0,0,,6,,4,,1,1,5,24,,,,,,,,
1/17/2022 7:04,1/17/2022 7:11,100,368,1,1/17/2022 7:11,1,,2,,,,0,0,1,0,0,,0,0,0,0,0,0,0,0,0,1,,0,0,1,0,1,0,0,0,0,0,0,0,0,0,0,0,0,0,0,0,,0,0,0,0,0,0,1,0,0,0,0,0,0,0,1,0,1,0,0,0,0,0,0,0,0,,1,1,0,0,0,1,0,,1,0,1,1,0,0,0,,0,0,0,1,0,0,,0,0,0,1,0,0,,0,0,0,0,1,0,0,0,0,,0,0,0,0,0,0,0,1,0,,0,0,0,1,0,0,0,0,0,0,0,1,0,0,1,0,0,0,,1,1,,,,,,,,,,,,,0,1,0,0,1,0,0,0,0,0,1,0,0,0,,5,,1,,1,2,5,37,,,,,,,,
1/19/2022 10:23,1/19/2022 10:29,100,378,1,1/19/2022 10:29,1,,1,,4,5,1,0,0,0,0,,0,0,0,0,0,0,0,0,0,1,,0,1,0,1,1,0,0,0,0,0,0,0,0,1,0,1,1,0,0,0,,0,0,0,0,0,0,0,0,0,0,0,0,0,0,0,1,0,0,0,1,0,0,0,1,0,,1,1,0,1,0,0,0,,1,0,1,1,1,1,0,,1,1,1,0,0,0,,1,0,1,1,0,0,,1,1,0,0,0,1,0,0,0,,1,0,0,0,0,1,0,0,0,,0,0,0,1,1,0,0,0,1,0,0,0,1,0,1,1,0,0,,0,1,,,,,,,,,,,,,0,0,0,0,0,0,0,0,0,0,0,0,1,0,,5,,1,,1,3,7,187,1,0,0,0,0,0,0,
1/15/2022 13:33,1/15/2022 13:40,79,455,0,1/22/2022 13:40,6,,5,,,,0,0,0,1,0,Seed R&D industry ,0,0,0,0,0,0,0,0,0,1,,0,0,1,0,0,0,0,0,0,0,0,0,0,0,0,0,0,0,0,0,,0,1,0,0,0,0,1,0,0,0,0,0,0,1,0,0,0,0,0,0,0,0,0,0,0,,1,1,1,0,0,0,0,,1,0,0,0,0,0,0,,1,1,0,1,0,0,,,,,,,,,0,0,0,0,0,1,0,0,0,,0,0,0,0,0,0,1,0,0,,0,0,0,1,0,0,0,1,0,0,0,0,0,1,0,0,0,0,,0,0,,,,,,,,,,,,,,,,,,,,,,,,,,,,,,,,,,,,,,,,,,,
1/22/2022 18:43,1/22/2022 19:13,100,1759,1,1/22/2022 19:13,2,,8,,,,0,1,1,0,0,,0,1,0,0,1,1,0,0,0,0,,0,0,1,0,1,0,0,0,0,1,1,0,0,1,0,0,1,0,0,0,,0,1,0,0,0,0,0,0,0,0,0,0,0,0,1,0,0,0,0,0,1,0,0,0,0,,1,2,,,,,,,,,,,,,,,,,,,,,,,,,,,,,,,,,,,,,,,,,,,,,,,,,,,,,,,,,,,,,,,,,,,,,,0,1,0,0,0,0,1,0,0,0,0,0,1,1,0,0,0,0,0,0,0,0,0,0,0,0,,2,,4,,1,1,3,187,0,0,1,0,0,0,0,
1/18/2022 7:38,1/18/2022 7:39,76,58,0,1/25/2022 7:39,,,,,,,,,,,,,,,,,,,,,,,,,,,,,,,,,,,,,,,,,,,,,,,,,,,,,,,,,,,,,,,,,,,,,,,,,,,,,,,,,,,,,,,,,,,,,,,,,,,,,,,,,,,,,,,,,,,,,,,,,,,,,,,,,,,,,,,,,,,,,,,,,,,,,,,,,,,,,,,,,,,,,,,,,,,,,,,,,,,,,,,,
1/26/2022 14:49,1/26/2022 14:58,100,539,1,1/26/2022 14:58,5,,2,,,,0,0,1,0,0,,0,0,0,0,0,0,0,0,0,1,,0,0,1,0,0,0,0,0,0,0,0,0,0,0,0,0,0,0,0,0,,0,1,0,0,0,0,1,0,0,1,0,0,0,0,0,0,0,0,0,0,0,0,0,0,0,,3,2,,,,,,,,,,,,,,,,,,,,,,,,,,,,,,,,,,,,,,,,,,,,,,,,,,,,,,,,,,,,,,,,,,,,,,0,0,0,1,0,0,0,0,0,1,0,0,0,0,0,0,1,0,0,1,0,1,0,0,0,0,,6,,1,,1,3,5,187,0,0,0,0,1,0,0,
1/26/2022 16:25,1/26/2022 16:30,100,277,1,1/26/2022 16:30,5,,2,,,,0,0,0,0,1,,0,0,0,0,0,0,0,0,0,1,,0,0,1,0,0,0,0,0,0,0,0,0,0,1,0,0,0,1,0,0,,0,0,0,0,0,0,0,0,0,0,0,0,0,0,1,1,0,0,0,1,0,0,0,0,0,,1,2,,,,,,,,,,,,,,,,,,,,,,,,,,,,,,,,,,,,,,,,,,,,,,,,,,,,,,,,,,,,,,,,,,,,,,0,0,0,1,0,0,0,1,0,0,0,0,0,1,0,1,1,0,0,0,0,0,0,0,0,0,,2,,1,,1,1,4,187,0,0,1,0,0,0,0,
1/26/2022 18:31,1/26/2022 18:50,100,1141,1,1/26/2022 18:50,1,,3,,,,1,0,0,1,0,Plants,0,0,0,0,0,0,0,0,0,1,,0,0,1,0,0,0,0,0,0,1,0,1,0,0,0,0,0,1,0,0,,0,1,0,0,0,0,0,1,0,0,0,0,0,0,0,0,1,0,0,0,0,0,0,0,0,,2,2,,,,,,,,,,,,,,,,,,,,,,,,,,,,,,,,,,,,,,,,,,,,,,,,,,,,,,,,,,,,,,,,,,,,,,0,0,1,1,0,0,0,1,1,0,0,0,0,1,0,0,1,0,0,0,0,1,0,0,0,0,,6,,6,,1,1,4,187,0,0,0,0,1,0,0,
1/27/2022 2:48,1/27/2022 2:52,100,264,1,1/27/2022 2:52,2,,3,,,,0,0,0,0,1,,0,0,0,0,0,0,0,0,0,1,,0,0,0,0,0,0,0,0,0,0,0,0,0,1,0,0,0,0,0,0,,0,1,0,0,0,0,1,0,0,0,0,0,0,0,0,0,0,0,0,0,0,0,0,0,0,,1,2,,,,,,,,,,,,,,,,,,,,,,,,,,,,,,,,,,,,,,,,,,,,,,,,,,,,,,,,,,,,,,,,,,,,,,0,0,0,1,0,0,0,1,0,0,0,0,0,0,1,1,1,0,0,0,0,0,0,0,0,0,,2,,4,,1,1,4,161,,,,,,,,
1/31/2022 6:25,1/31/2022 6:34,100,511,1,1/31/2022 6:34,2,,1,,2,3,0,1,1,0,0,,0,0,0,0,0,0,0,0,1,0,Plants,0,0,1,0,1,1,0,0,0,0,1,0,1,0,0,0,1,0,0,0,,1,1,0,0,0,0,0,0,0,0,0,1,0,0,1,0,0,0,0,0,0,0,0,0,0,,2,1,0,1,0,0,0,,1,0,1,0,0,0,0,,1,0,0,0,0,0,,1,0,0,0,0,0,,0,0,0,0,0,0,0,1,0,,0,0,0,0,0,1,0,0,0,,0,0,1,0,0,0,0,1,0,0,0,0,0,1,0,1,0,0,,1,0,,,,,,,,,,,,,0,1,1,0,0,0,1,0,0,0,0,0,0,0,,6,,6,,1,2,5,187,1,0,0,0,0,0,0,
1/31/2022 10:51,1/31/2022 10:54,100,176,1,1/31/2022 10:54,3,,7,,,,0,0,1,0,0,,0,0,0,1,0,0,0,0,0,0,,0,0,0,0,1,0,1,0,0,0,0,0,0,0,0,0,0,0,0,0,,0,0,0,0,0,0,1,1,0,0,0,0,0,0,0,0,0,0,0,0,0,0,0,0,0,,2,2,,,,,,,,,,,,,,,,,,,,,,,,,,,,,,,,,,,,,,,,,,,,,,,,,,,,,,,,,,,,,,,,,,,,,,0,0,0,1,0,0,0,0,1,0,0,0,0,0,0,0,1,1,1,0,0,0,0,0,0,0,,6,,3,,3,3,4,7,,,,,,,,
1/31/2022 11:36,1/31/2022 11:39,100,196,1,1/31/2022 11:39,3,,1,,2,4,0,0,0,0,1,,0,0,0,0,0,0,0,0,0,1,,0,0,0,0,0,0,0,0,0,0,0,0,0,0,0,0,1,0,0,0,,1,0,0,0,0,0,1,0,0,1,1,0,0,0,0,0,0,0,0,0,0,0,0,0,0,,2,2,,,,,,,,,,,,,,,,,,,,,,,,,,,,,,,,,,,,,,,,,,,,,,,,,,,,,,,,,,,,,,,,,,,,,,0,0,0,1,0,0,0,0,1,0,0,0,0,0,1,1,0,0,0,1,0,0,0,0,0,0,,6,,4,,1,3,7,187,0,0,0,0,1,0,0,
1/31/2022 17:43,1/31/2022 17:49,100,386,1,1/31/2022 17:49,4,,1,,2,3,0,1,1,0,0,,0,0,0,0,0,0,0,0,0,1,,0,0,0,0,1,0,0,1,0,0,0,0,0,0,1,0,0,0,0,0,,0,0,0,0,0,0,0,0,0,0,0,0,0,0,1,0,0,0,0,0,0,1,0,1,0,,1,2,,,,,,,,,,,,,,,,,,,,,,,,,,,,,,,,,,,,,,,,,,,,,,,,,,,,,,,,,,,,,,,,,,,,,,0,0,1,0,0,0,0,1,0,0,0,0,0,1,1,0,0,0,0,0,0,1,0,0,0,0,,6,,3,,1,2,5,187,0,0,1,0,0,0,0,
1/31/2022 19:20,1/31/2022 19:35,100,941,1,1/31/2022 19:35,1,,2,,,,0,0,1,0,0,,0,1,0,1,0,0,1,0,0,0,,0,0,1,0,0,0,0,0,0,0,1,0,0,0,1,1,0,0,0,0,,0,1,0,0,0,0,0,1,0,0,0,0,0,0,0,0,0,0,0,0,0,0,0,1,0,,1,1,1,0,0,0,0,,1,0,0,0,0,0,0,,1,0,0,0,0,0,,0,0,1,1,0,0,,0,0,0,0,0,1,0,0,0,,0,0,0,0,0,0,1,0,0,,0,0,0,1,0,0,0,0,1,0,0,0,0,0,0,0,1,0,,1,1,,,,,,,,,,,,,1,0,0,0,0,0,0,1,0,0,1,0,0,0,,2,,4,,1,1,4,130,,,,,,,,
2/2/2022 18:16,2/2/2022 18:23,100,379,1,2/2/2022 18:23,2,,1,,2,6,0,0,0,0,1,,0,0,0,0,0,0,0,0,0,1,,0,0,1,0,0,0,0,0,0,0,1,0,0,0,0,0,0,0,0,0,,1,0,0,0,0,0,1,0,0,1,0,0,1,0,0,0,0,0,0,0,0,0,0,0,0,,2,2,,,,,,,,,,,,,,,,,,,,,,,,,,,,,,,,,,,,,,,,,,,,,,,,,,,,,,,,,,,,,,,,,,,,,,0,0,0,0,1,0,0,1,1,1,0,0,1,1,0,0,1,0,0,0,0,0,0,0,0,0,,1,,6,,1,2,3,187,0,0,0,0,1,0,0,
2/10/2022 9:06,2/10/2022 9:17,100,676,1,2/10/2022 9:17,3,,2,,,,0,0,0,0,1,,0,0,0,0,0,0,0,0,0,1,,0,1,1,0,0,0,0,0,0,0,0,0,0,0,0,0,0,0,0,0,,0,0,0,0,0,0,1,0,0,1,0,1,0,0,0,0,0,0,0,0,0,0,0,0,0,,1,1,0,1,0,0,0,,1,1,1,0,0,0,0,,1,0,0,1,0,0,,1,0,0,1,0,0,,0,0,0,0,0,1,0,0,0,,1,0,0,0,0,0,1,0,1,Plot Phenix,0,0,0,1,0,0,0,0,1,0,0,0,0,0,1,1,1,0,,1,1,,,,,,,,,,,,,0,0,1,0,0,0,0,0,0,1,0,1,0,0,,6,,1,,1,2,7,187,0,0,0,0,1,0,0,
2/10/2022 9:12,2/10/2022 9:52,100,2368,1,2/10/2022 9:52,3,,11,UAS Manager at research lab,,,1,1,0,0,0,,0,0,0,0,0,0,0,0,0,1,,0,0,1,0,0,0,0,0,0,0,0,0,0,1,0,1,0,0,0,0,,0,0,0,0,0,0,0,0,0,0,0,0,0,0,0,0,0,0,0,0,1,1,0,1,0,,1,1,0,1,0,0,0,,1,1,1,0,1,0,0,,1,0,1,0,0,0,,1,0,0,0,0,0,,0,0,0,0,0,0,0,0,1,QGroundControl,0,0,0,0,0,0,1,0,0,,0,0,0,1,0,0,0,1,0,0,0,0,0,0,1,0,0,0,,0,1,,,,,,,,,,,,,0,0,0,0,1,0,0,0,0,0,0,1,0,0,,2,,2,,1,4,4,187,0,0,0,0,1,0,0,
2/10/2022 13:04,2/10/2022 13:10,100,360,1,2/10/2022 13:10,3,,3,,,,0,0,0,0,1,,0,0,0,0,0,0,0,0,0,1,,0,0,1,0,0,0,0,0,0,0,0,0,0,0,0,0,0,0,0,0,,0,1,0,0,0,0,0,0,0,0,0,0,0,0,0,0,0,0,0,0,0,0,0,0,0,,3,1,0,1,0,0,0,,1,0,1,0,0,0,0,,1,0,1,0,0,0,,1,0,0,1,0,0,,0,0,0,0,0,1,0,0,0,,1,0,0,0,0,0,0,0,1,PHENIX,0,0,0,1,0,0,0,0,1,0,0,0,0,0,1,0,1,0,,1,1,,,,,,,,,,,,,,,,,,,,,,,,,,,,6,,1,,2,4,3,187,0,0,0,0,1,0,0,
2/4/2022 23:07,2/4/2022 23:13,79,395,0,2/11/2022 23:13,1,,5,,,,0,1,0,0,0,,0,0,0,0,0,0,0,0,0,1,,0,0,1,0,0,0,0,0,0,0,0,0,0,0,0,0,0,0,0,0,,1,0,0,0,0,0,1,0,0,0,1,0,0,0,0,0,1,0,0,0,0,0,0,0,0,,2,2,,,,,,,,,,,,,,,,,,,,,,,,,,,,,,,,,,,,,,,,,,,,,,,,,,,,,,,,,,,,,,,,,,,,,,0,0,1,0,0,0,0,0,1,0,0,0,0,1,0,0,0,0,0,0,0,0,0,0,0,1,,,,,,,,,,,,,,,,,
2/11/2022 16:06,2/12/2022 8:48,100,60116,1,2/12/2022 8:48,3,,2,,,,1,0,0,0,0,,0,0,0,0,0,0,0,0,0,1,,0,0,1,0,0,0,0,0,0,0,1,0,0,0,0,0,0,0,0,0,,0,1,0,0,0,0,0,0,0,0,0,0,0,0,0,0,0,0,0,0,1,0,0,0,0,,1,2,,,,,,,,,,,,,,,,,,,,,,,,,,,,,,,,,,,,,,,,,,,,,,,,,,,,,,,,,,,,,,,,,,,,,,1,0,0,0,0,0,0,1,0,0,0,0,0,1,1,1,0,0,0,0,0,0,0,0,0,0,,2,,3,,1,2,5,31,,,,,,,,
2/10/2022 13:18,2/14/2022 6:06,100,319689,1,2/14/2022 6:06,3,,3,,,,0,0,0,1,0,Plant Physiology,0,0,0,0,0,0,0,0,0,1,,0,0,0,0,0,0,0,0,0,0,1,0,0,1,0,0,0,1,0,0,,0,0,0,0,0,0,0,0,0,0,0,1,0,0,0,0,0,0,0,0,0,0,0,0,0,,4,1,0,1,0,0,0,,1,1,1,0,0,0,0,,0,1,0,0,0,0,,1,0,0,0,1,0,,0,0,0,0,0,0,0,1,0,,0,0,0,0,0,0,0,1,0,,0,0,0,1,0,0,0,1,0,0,0,0,0,0,1,0,1,0,,0,0,,,,,,,,,,,,,0,1,1,0,1,0,0,0,0,0,0,0,0,0,,6,,3,,1,3,4,187,0,0,0,0,1,0,0,
2/15/2022 8:13,2/15/2022 8:22,100,564,1,2/15/2022 8:22,3,,11,scientific technician,,,0,0,0,1,0,impact of invasive plants,0,0,0,0,0,0,0,0,1,0,insects,1,0,0,0,0,0,0,0,0,0,1,0,0,0,0,1,0,1,0,0,,0,0,0,0,0,0,0,1,0,0,0,0,0,0,0,0,0,0,0,0,0,1,1,0,0,,1,2,,,,,,,,,,,,,,,,,,,,,,,,,,,,,,,,,,,,,,,,,,,,,,,,,,,,,,,,,,,,,,,,,,,,,,0,0,1,0,0,0,0,1,0,0,0,0,0,1,1,0,0,0,1,0,0,0,0,0,0,0,,6,,4,,2,5,2,187,0,0,0,0,1,0,0,
2/15/2022 10:14,2/15/2022 10:22,100,509,1,2/15/2022 10:22,3,,2,,,,0,0,0,1,0,Agriculture - citrus,0,0,0,0,0,0,0,0,0,1,,0,0,0,0,1,0,0,0,0,0,0,0,0,0,0,1,0,0,0,0,,0,0,0,0,0,0,1,0,0,0,0,0,1,0,0,0,1,0,0,0,0,0,0,0,0,,1,1,0,1,0,0,0,,1,0,0,0,0,0,0,,0,0,0,0,1,0,,,,,,,,,0,0,0,0,0,0,0,0,1,Drone Harmony,0,0,0,1,0,1,0,0,1,"ImageJ, GIMP",0,0,0,1,0,0,0,1,0,0,0,0,0,0,0,0,1,0,,0,1,,,,,,,,,,,,,1,1,0,0,0,0,0,0,0,0,0,1,0,0,,6,,7,I had to develop the protocols I use.,1,5,5,187,0,0,0,0,0,1,0,
2/22/2022 11:52,2/22/2022 11:57,100,282,1,2/22/2022 11:57,2,,1,,4,4,0,0,0,1,0,Ag Fields,1,0,0,0,0,0,0,0,1,0,And weeds and diseases,0,0,1,1,1,0,0,0,0,0,1,1,1,1,1,1,1,1,0,0,,1,1,0,0,0,0,1,0,0,0,1,0,0,0,0,0,0,0,0,0,0,0,0,0,0,,1,2,,,,,,,,,,,,,,,,,,,,,,,,,,,,,,,,,,,,,,,,,,,,,,,,,,,,,,,,,,,,,,,,,,,,,,0,0,0,1,0,0,0,0,1,0,0,0,0,0,0,0,1,0,0,0,0,0,1,0,0,0,,6,,1,,1,5,3,187,0,0,0,0,1,0,0,
2/22/2022 11:55,2/22/2022 11:58,100,183,1,2/22/2022 11:58,2,,2,,,,0,0,0,0,1,,0,0,0,0,0,0,0,0,0,1,,0,0,1,0,0,0,0,0,0,0,1,0,0,1,0,0,0,0,0,0,,0,0,0,0,0,0,0,0,0,1,0,1,1,0,0,0,0,0,0,0,0,0,0,0,0,,2,2,,,,,,,,,,,,,,,,,,,,,,,,,,,,,,,,,,,,,,,,,,,,,,,,,,,,,,,,,,,,,,,,,,,,,,0,0,0,1,0,0,0,0,0,1,0,0,0,0,1,0,1,0,1,0,0,0,0,0,0,0,,1,,2,,2,2,5,187,0,0,0,0,1,0,0,
2/22/2022 11:54,2/22/2022 11:58,100,263,1,2/22/2022 11:58,2,,2,,,,,,,,,,,,,,,,,,,,,0,0,0,0,0,0,0,0,0,0,0,0,0,1,0,0,0,0,0,0,,0,1,0,0,0,0,1,0,0,0,0,0,0,0,0,0,0,0,0,0,0,0,0,0,0,,2,1,0,1,0,0,0,,1,0,1,0,0,0,0,,0,1,0,0,0,0,,1,0,0,1,0,0,,0,1,0,0,0,0,0,0,0,,,,,,,,,,,,0,0,0,1,0,0,0,0,1,0,0,0,0,0,0,1,0,0,,1,0,,,,,,,,,,,,,0,1,0,0,1,0,0,0,0,0,0,1,0,0,,,,5,,1,2,4,31,,,,,,,,
2/22/2022 11:52,2/22/2022 12:09,100,986,1,2/22/2022 12:09,5,,5,,,,0,0,0,1,0,biosphere-plant science,0,0,0,0,0,0,0,0,0,1,,0,0,1,0,0,0,0,0,0,0,0,0,0,0,0,0,0,0,0,0,,0,1,0,0,0,0,1,0,0,1,0,0,0,0,0,0,0,0,0,0,0,0,0,0,0,,2,1,,,,,,,1,0,1,1,1,0,0,,,,,,,,,,,,,,,,,,,,,,,,,,,,,,,,,,,,,,,,,0,0,1,0,0,0,0,1,0,0,0,0,0,,1,1,,,,,,,,,,,,,0,0,0,0,1,1,1,0,0,0,0,0,0,0,,6,,6,,2,1,3,187,0,0,0,0,1,0,0,
2/22/2022 12:40,2/22/2022 12:45,100,312,1,2/22/2022 12:45,5,,5,,,,0,0,0,1,0,Crop,0,0,0,0,0,0,0,0,0,1,,0,0,0,0,0,0,0,0,0,0,0,0,0,1,0,0,0,0,0,0,,0,1,0,0,0,0,0,0,0,0,0,0,0,0,0,0,1,0,0,1,0,0,0,0,0,,1,1,0,1,0,0,0,,1,0,0,0,0,0,0,,1,0,0,0,0,0,,1,0,0,0,0,0,,1,0,0,0,0,0,0,0,0,,1,0,0,0,0,0,1,0,0,,0,0,0,0,1,0,0,0,1,0,0,0,0,0,1,0,0,0,,1,,,,,,,,,,,,,,0,0,0,0,0,1,1,0,0,0,0,0,0,0,,1,,1,,2,1,4,31,,,,,,,,
2/22/2022 12:40,2/22/2022 12:50,100,570,1,2/22/2022 12:50,2,,,,,,,,,,,,,,,,,,,,,,,0,1,1,1,0,0,0,1,0,0,1,1,0,1,1,0,1,0,0,0,,0,1,0,0,0,0,1,0,0,0,0,0,0,0,0,1,0,0,0,0,0,0,0,0,0,,1,1,0,1,1,0,0,,1,0,1,0,0,0,0,,0,0,0,0,0,1,"standard, low-grade GPS that comes with most off-the-shelf drones",1,0,0,1,0,0,,0,0,0,0,0,1,0,0,0,,0,0,0,0,0,0,0,0,1,Phenix www.plotphenix.com,0,0,0,1,1,0,0,0,1,1,0,0,0,1,0,0,1,0,,0,1,,,,,,,,,,,,,0,1,1,0,0,0,0,0,0,0,1,0,0,0,,5,,4,,1,2,5,187,0,0,1,0,1,0,0,
2/22/2022 12:46,2/22/2022 12:54,100,448,1,2/22/2022 12:54,5,,5,,,,0,0,1,0,0,,0,0,0,0,0,0,0,0,0,1,,0,0,0,0,1,0,0,0,0,0,0,0,0,0,0,0,0,0,0,0,,0,0,0,0,0,0,1,0,0,1,0,0,0,0,0,0,1,0,0,0,0,0,0,0,0,,2,2,,,,,,,,,,,,,,,,,,,,,,,,,,,,,,,,,,,,,,,,,,,,,,,,,,,,,,,,,,,,,,,,,,,,,,0,1,0,0,0,0,0,1,1,0,0,0,0,1,0,0,0,0,1,0,0,1,0,0,0,0,,1,,1,,1,1,4,187,0,1,0,0,0,0,0,
2/22/2022 12:56,2/22/2022 13:04,100,463,1,2/22/2022 13:04,5,,1,,2,3,0,0,0,0,1,,0,0,0,0,0,0,0,0,0,1,,1,0,1,0,0,0,0,0,0,1,0,0,0,1,0,0,0,0,0,0,,0,0,0,0,0,0,1,0,0,0,0,0,0,0,0,0,1,0,0,0,0,0,0,0,0,,1,1,0,1,0,0,0,,0,0,1,0,0,0,0,,0,1,0,0,0,0,,0,0,0,1,0,0,,1,0,0,0,0,0,0,0,0,,0,0,1,0,0,1,1,0,0,,0,0,0,1,0,0,0,0,1,0,0,0,0,0,1,0,1,0,,1,1,,,,,,,,,,,,,0,0,1,0,0,0,0,0,0,0,0,1,0,0,,6,,2,,1,3,5,187,0,0,0,0,1,0,0,
2/22/2022 12:56,2/22/2022 13:02,76,350,0,3/1/2022 13:03,3,,2,,,,1,1,0,0,0,,0,0,0,0,0,0,0,0,0,1,,0,0,1,1,0,0,0,0,0,0,0,1,0,1,0,0,0,0,0,0,,1,0,0,0,0,0,1,0,0,0,0,0,0,0,0,0,0,0,0,0,0,0,0,0,0,,1,2,,,,,,,,,,,,,,,,,,,,,,,,,,,,,,,,,,,,,,,,,,,,,,,,,,,,,,,,,,,,,,,,,,,,,,0,0,0,1,1,0,0,0,1,1,0,1,,,,,,,,,,,,,,,,,,,,,,,,,,,,,,,
3/9/2022 18:36,3/9/2022 18:51,100,884,1,3/9/2022 18:51,5,,5,,,,0,1,1,0,0,,,,,,,,,,,,,0,0,1,1,1,0,0,0,0,0,1,0,0,0,0,0,1,0,0,0,,0,0,0,0,0,0,1,0,0,1,0,0,0,1,0,0,0,0,0,0,0,0,0,0,0,,2,1,,,,,,,1,1,1,1,0,0,0,,1,0,0,0,0,0,,0,0,0,1,0,0,,0,0,0,0,0,0,0,1,0,,0,0,0,0,0,0,1,0,0,,0,0,1,0,0,0,0,1,0,0,0,0,0,0,0,1,0,0,,1,0,,,,,,,,,,,,,0,1,0,0,0,1,0,0,0,0,0,1,0,0,,6,,6,,2,2,5,187,,,,,,,,
3/9/2022 18:59,3/9/2022 19:03,100,208,1,3/9/2022 19:03,1,,5,,,,1,0,0,0,0,,0,0,0,0,0,0,0,0,0,1,,0,1,1,0,0,0,0,0,0,0,1,0,1,1,0,0,0,0,0,0,,1,0,0,0,0,0,0,0,0,1,0,0,1,0,0,0,0,0,0,1,0,0,0,0,0,,1,2,,,,,,,,,,,,,,,,,,,,,,,,,,,,,,,,,,,,,,,,,,,,,,,,,,,,,,,,,,,,,,,,,,,,,,0,0,0,1,1,0,0,0,1,1,0,0,0,0,1,1,1,0,0,0,0,0,0,0,0,0,,6,,1,,1,1,3,187,0,0,0,0,1,0,0,
3/9/2022 19:24,3/9/2022 19:28,100,240,1,3/9/2022 19:28,2,,1,,4,5,1,0,1,0,0,,1,0,0,0,0,0,0,0,0,0,,0,0,0,0,0,1,1,0,0,0,0,0,1,0,0,0,0,1,0,0,,1,1,0,0,0,1,0,0,0,1,0,0,0,0,0,0,0,0,0,0,0,0,0,0,0,,3,2,,,,,,,,,,,,,,,,,,,,,,,,,,,,,,,,,,,,,,,,,,,,,,,,,,,,,,,,,,,,,,,,,,,,,,0,0,1,1,0,0,0,1,0,0,0,0,0,0,1,0,0,0,0,0,0,1,0,1,0,0,,3,,3,,2,3,5,24,,,,,,,,
3/9/2022 19:45,3/9/2022 19:49,100,238,1,3/9/2022 19:49,4,,5,,,,0,0,0,0,1,,0,0,0,0,0,0,0,0,0,1,,0,1,1,0,0,0,0,0,0,0,0,0,0,0,0,0,0,0,0,0,,0,1,0,0,0,0,0,0,0,0,0,1,0,0,0,0,0,0,0,0,0,0,0,0,0,,2,1,0,1,0,0,0,,1,1,1,0,0,0,0,,0,1,0,0,0,0,,1,0,1,1,0,0,,1,0,0,0,0,0,0,0,0,,0,0,0,0,0,0,1,0,0,,0,0,0,1,0,0,0,0,1,1,0,0,0,0,1,1,0,0,,0,0,,,,,,,,,,,,,0,1,0,1,1,0,0,0,0,0,0,0,0,0,,1,,1,,1,2,3,187,0,0,0,0,1,0,0,
3/9/2022 19:52,3/9/2022 19:56,100,245,1,3/9/2022 19:56,1,,1,,4,4,1,0,1,0,0,,0,1,0,0,0,0,0,1,0,0,,0,1,0,0,0,0,0,0,0,1,1,0,1,0,0,1,0,0,0,0,,,0,0,0,0,0,0,0,0,0,0,0,0,0,0,0,0,0,0,1,0,0,0,0,0,,2,1,0,1,0,0,0,,1,1,1,1,1,1,0,,1,1,0,0,0,0,,1,0,1,1,1,0,,1,1,0,0,0,1,0,0,0,,1,0,0,0,0,0,1,0,1,Custom made,0,0,1,1,1,0,0,1,0,0,0,0,1,1,1,0,0,0,,1,1,,,,,,,,,,,,,0,0,0,0,0,0,0,0,1,0,0,0,0,0,,2,,5,,2,3,5,187,0,0,0,0,1,0,0,
3/9/2022 19:58,3/9/2022 20:24,100,1554,1,3/9/2022 20:24,2,,1,,4,,0,0,0,1,0,Cropping ,0,0,0,0,0,0,0,0,0,1,,0,0,1,0,0,0,0,0,0,0,0,0,0,0,0,0,1,0,0,0,,0,0,0,0,0,0,1,0,0,0,0,0,0,0,1,0,1,0,0,0,0,0,0,0,0,,1,1,0,1,0,0,0,,1,1,1,0,0,0,0,,1,1,1,0,0,0,,1,0,0,1,1,0,,,,,,,,,,,,1,0,0,0,0,0,0,0,0,,0,0,0,1,1,0,0,1,0,0,0,0,0,0,1,0,0,0,,1,0,,,,,,,,,,,,,0,0,0,0,0,0,0,0,0,0,1,1,0,0,,3,,2,,2,3,5,78,,,,,,,,
3/10/2022 5:39,3/10/2022 5:43,100,265,1,3/10/2022 5:43,1,,1,,3,1,0,0,1,0,0,,0,0,0,0,0,0,0,0,0,1,,0,1,1,0,0,0,0,0,0,0,0,0,0,0,0,0,0,0,0,0,,1,1,0,0,0,0,0,0,0,1,0,0,1,0,0,0,0,0,0,0,0,0,0,0,0,,1,1,0,1,0,0,0,,0,0,1,0,0,0,0,,0,0,0,0,1,0,,0,0,1,1,0,0,,1,0,0,0,0,0,0,0,0,,0,1,0,0,0,0,0,0,0,,,,,,,0,0,1,0,0,0,0,0,0,0,1,0,0,,1,1,,,,,,,,,,,,,0,1,1,0,0,0,0,0,0,0,0,1,0,0,,4,,1,,2,2,5,187,0,0,0,0,1,0,0,
3/10/2022 6:57,3/10/2022 7:01,100,271,1,3/10/2022 7:01,5,,1,,3,6,0,0,0,0,1,,0,0,0,0,0,0,0,0,0,1,,0,0,1,0,0,0,0,0,0,0,0,0,0,0,0,0,0,0,0,0,,0,0,0,0,0,0,1,0,0,1,0,0,0,0,0,0,1,0,0,0,0,0,0,0,0,,3,2,,,,,,,,,,,,,,,,,,,,,,,,,,,,,,,,,,,,,,,,,,,,,,,,,,,,,,,,,,,,,,,,,,,,,,0,0,1,1,0,0,0,0,1,1,1,1,0,0,1,1,0,0,0,0,0,0,0,1,0,0,,1,,1,,1,2,7,187,0,0,0,0,1,0,0,
3/10/2022 8:49,3/10/2022 8:51,100,115,1,3/10/2022 8:51,,,,,,,,,,,,,,,,,,,,,,,,,,,,,,,,,,,,,,,,,,,,,,,,,,,,,,,,,,,,,,,,,,,,,,,,,,,,,,,,,,,,,,,,,,,,,,,,,,,,,,,,,,,,,,,,,,,,,,,,,,,,,,,,,,,,,,,,,,,,,,,,,,,,,,,,,,,,,,,,,,,,,,,,,,,,,,,,,,,,,,,,
3/10/2022 9:01,3/10/2022 9:06,100,315,1,3/10/2022 9:06,1,,2,,,,0,0,0,0,1,,0,0,0,0,0,0,0,0,0,1,,0,0,0,0,0,0,0,0,0,0,0,0,0,1,0,0,0,0,0,0,,0,1,0,0,0,0,1,0,0,0,0,0,0,0,0,0,1,0,0,0,0,0,0,0,0,,1,1,1,1,0,0,0,,1,1,1,1,0,0,0,,0,0,0,0,1,0,,1,0,1,1,1,0,,1,0,0,0,0,0,0,0,0,,0,0,0,0,0,0,1,0,1,Phenix & in-house,0,0,0,1,1,0,0,0,0,1,0,0,0,1,1,0,0,0,,1,1,,,,,,,,,,,,,0,0,0,0,1,0,0,0,0,0,0,0,0,0,,7,developmentally-relevant dashboards,1,,2,3,5,187,0,0,0,0,1,0,0,
3/10/2022 12:56,3/10/2022 13:00,100,221,1,3/10/2022 13:00,1,,1,,1,4,0,1,0,0,0,,0,0,0,0,0,0,0,0,0,1,,0,0,0,0,0,0,0,0,0,1,1,0,0,0,0,1,0,0,0,0,,0,0,0,0,0,0,0,0,0,0,0,0,0,1,1,0,0,0,0,0,0,1,0,0,0,,2,2,,,,,,,,,,,,,,,,,,,,,,,,,,,,,,,,,,,,,,,,,,,,,,,,,,,,,,,,,,,,,,,,,,,,,,0,0,1,1,0,0,0,1,1,0,0,0,0,0,0,1,1,0,0,1,0,0,0,0,0,0,,4,,2,,2,2,5,187,0,0,0,0,1,0,0,
3/10/2022 15:05,3/10/2022 15:15,100,586,1,3/10/2022 15:15,5,,5,,,,0,0,1,0,0,,0,0,0,0,0,0,0,0,0,1,,0,0,1,0,0,0,0,0,0,0,0,0,0,0,0,0,0,0,0,0,,0,1,0,0,0,0,0,0,0,0,0,1,0,0,0,0,0,0,0,0,0,0,0,0,0,,1,1,0,1,0,0,0,,1,1,1,0,0,0,0,,1,0,0,0,0,0,,0,0,1,0,1,0,,0,0,0,0,0,1,0,0,0,,0,0,0,0,0,0,1,0,0,,0,0,1,0,0,0,0,0,0,1,0,0,0,0,1,0,1,0,,1,0,,,,,,,,,,,,,0,1,0,0,0,0,0,0,0,0,0,1,0,0,,6,,4,,2,2,4,187,1,0,0,0,0,0,0,
3/10/2022 9:17,3/10/2022 16:35,100,26293,1,3/10/2022 16:35,3,,2,,,,0,0,0,0,1,,0,0,0,0,0,0,0,0,0,1,,0,0,1,0,0,0,0,0,0,0,1,1,0,0,0,0,0,1,0,0,,0,1,0,0,0,0,1,0,0,0,0,0,0,0,1,0,0,0,0,0,0,0,0,0,0,,2,1,0,1,0,0,0,,1,1,1,1,0,0,0,,1,0,0,0,0,0,,1,0,0,1,1,0,,1,0,0,0,0,1,0,0,0,,1,0,0,0,0,0,1,0,0,,0,0,0,1,0,0,0,0,1,0,0,0,0,0,1,0,1,0,,1,0,,,,,,,,,,,,,0,1,0,0,1,0,0,1,0,0,0,0,0,0,,3,,6,,1,2,5,31,,,,,,,,
3/9/2022 21:25,3/10/2022 16:44,100,69534,1,3/10/2022 16:44,5,,1,,4,1,0,0,1,0,0,,0,1,0,0,0,0,0,0,0,0,,0,0,1,0,1,0,0,1,0,1,0,1,0,0,0,1,1,0,0,0,,0,0,0,0,0,0,1,0,0,0,0,0,0,1,0,0,0,0,1,0,0,0,0,0,0,,1,1,0,1,0,0,0,,1,1,1,0,0,1,0,,1,0,0,0,0,0,,1,0,0,1,1,0,,0,0,0,0,0,0,0,0,1,ArduPilot,1,0,0,0,0,1,1,0,0,,0,0,0,1,1,0,0,1,1,0,0,0,0,0,1,0,1,0,,1,1,,,,,,,,,,,,,1,0,0,0,0,0,0,0,1,0,0,1,0,0,,4,,1,,2,3,7,187,0,0,0,0,0,1,0,
3/11/2022 5:11,3/11/2022 5:17,100,368,1,3/11/2022 5:17,5,,1,,4,5,0,0,1,0,0,,0,0,0,0,0,0,0,0,0,1,,0,0,0,0,0,0,0,0,0,0,0,0,0,0,0,0,0,0,0,1,,0,1,0,0,0,0,1,0,0,1,0,0,0,0,0,0,0,0,0,0,0,0,0,0,0,,1,1,0,1,0,0,0,,1,0,1,1,0,0,0,,1,1,0,0,0,0,,0,0,1,0,0,0,,1,0,0,0,0,1,0,0,0,,1,0,0,0,0,0,1,0,0,,0,0,0,1,0,0,0,0,1,0,0,0,0,0,1,0,0,0,,0,1,,,,,,,,,,,,,0,0,0,0,0,0,0,0,0,1,0,0,0,0,,,,5,,,,5,,,,,,,,,
3/11/2022 11:36,3/11/2022 11:44,100,508,1,3/11/2022 11:44,1,,1,,3,6,0,0,0,0,1,,0,0,0,0,0,0,0,0,0,1,,0,1,1,0,0,0,0,0,0,0,0,1,1,0,0,0,0,0,0,0,,1,0,0,0,0,0,1,0,0,1,0,0,0,0,0,0,1,0,0,0,0,0,0,0,0,,1,1,0,1,0,0,0,,1,0,1,0,0,0,0,,1,1,0,1,0,0,,,,,,,,,1,0,0,0,0,0,0,0,0,,1,0,0,0,0,0,1,0,1,Progeny / plot Phenix,0,0,0,1,0,0,0,0,1,1,0,0,1,0,0,0,1,0,,1,1,,,,,,,,,,,,,1,0,0,0,0,0,0,0,0,0,0,0,1,0,,7,Already implemented,1,,1,3,5,187,0,0,0,0,1,0,0,
3/11/2022 11:57,3/11/2022 12:00,100,227,1,3/11/2022 12:00,1,,1,,4,6,0,0,0,0,1,,0,0,0,0,0,0,0,0,0,1,,0,1,1,0,0,0,0,0,0,0,1,0,0,0,0,0,0,0,0,0,,0,0,0,0,0,0,1,0,0,1,0,0,0,0,0,0,0,0,0,0,0,0,0,0,0,,3,1,1,1,0,0,0,,1,0,1,0,1,0,0,,1,1,0,1,0,0,,0,0,1,1,0,0,,0,0,0,0,0,0,0,1,0,,0,0,0,0,0,0,0,1,0,,0,0,1,1,0,0,1,1,1,1,1,0,0,0,1,0,0,0,,1,1,,,,,,,,,,,,,0,0,0,1,1,0,0,1,0,0,0,0,0,0,,3,,1,,4,,5,187,,,,,,,,
3/13/2022 16:10,3/13/2022 16:14,100,282,1,3/13/2022 16:14,1,,1,,4,5,0,0,0,0,1,,0,0,0,0,0,0,0,0,0,1,,0,1,1,0,0,0,0,0,0,0,1,0,0,1,0,0,0,0,0,0,,0,0,0,0,0,0,0,0,0,1,0,1,0,0,0,0,1,0,0,0,0,0,0,0,0,,3,2,,,,,,,,,,,,,,,,,,,,,,,,,,,,,,,,,,,,,,,,,,,,,,,,,,,,,,,,,,,,,,,,,,,,,,0,0,1,1,0,0,0,0,1,0,0,0,0,0,0,1,0,0,0,0,0,0,0,1,0,1,Not clear if you can get usable phenotypes easily yet,6,,,,1,3,5,187,0,0,0,0,1,0,0,
3/16/2022 12:48,3/16/2022 12:54,100,389,1,3/16/2022 12:54,1,,1,,3,6,0,0,0,0,1,,0,0,0,0,0,0,0,0,0,1,,0,1,1,1,0,0,0,1,0,0,1,0,0,0,0,0,0,0,0,0,,0,0,0,0,0,0,0,0,0,0,0,0,0,0,0,1,1,0,0,1,0,0,0,0,0,,1,2,,,,,,,,,,,,,,,,,,,,,,,,,,,,,,,,,,,,,,,,,,,,,,,,,,,,,,,,,,,,,,,,,,,,,,0,0,1,0,0,0,0,0,0,0,1,0,0,1,0,1,0,0,0,1,0,0,0,0,0,0,,6,,1,,1,3,5,187,0,0,0,0,1,0,0,
3/9/2022 18:35,3/9/2022 18:40,76,333,0,3/16/2022 19:40,3,,7,,,,1,1,1,0,0,,0,0,0,0,0,0,0,0,0,1,,0,0,1,0,0,0,0,0,0,0,0,1,0,1,0,0,0,0,0,0,,0,1,0,0,0,0,1,0,0,0,0,1,0,0,0,0,0,0,0,0,0,0,0,0,0,,2,1,0,1,0,0,0,,1,1,1,1,1,1,0,,1,1,0,1,0,0,,1,0,1,1,1,0,,1,0,0,0,0,1,0,0,0,,0,1,0,0,0,0,1,0,0,,0,0,0,1,0,0,0,1,0,0,0,0,0,0,1,0,0,0,,1,1,,,,,,,,,,,,,,,,,,,,,,,,,,,,,,,,,,,,,,,,,,,
3/10/2022 8:53,3/10/2022 8:55,85,109,0,3/17/2022 9:55,,,,,,,,,,,,,,,,,,,,,,,,,,,,,,,,,,,,,,,,,,,,,,,,,,,,,,,,,,,,,,,,,,,,,,,,,,,,,,,,,,,,,,,,,,,,,,,,,,,,,,,,,,,,,,,,,,,,,,,,,,,,,,,,,,,,,,,,,,,,,,,,,,,,,,,,,,,,,,,,,,,,,,,,,,,,,,,,,,,,,,,,
3/25/2022 10:36,3/25/2022 10:37,100,52,1,3/25/2022 10:37,,,,,,,,,,,,,,,,,,,,,,,,,,,,,,,,,,,,,,,,,,,,,,,,,,,,,,,,,,,,,,,,,,,,,,,,,,,,,,,,,,,,,,,,,,,,,,,,,,,,,,,,,,,,,,,,,,,,,,,,,,,,,,,,,,,,,,,,,,,,,,,,,,,,,,,,,,,,,,,,,,,,,,,,,,,,,,,,,,,,,,,,
3/25/2022 10:47,3/25/2022 10:52,100,326,1,3/25/2022 10:52,,,,,,,,,,,,,,,,,,,,,,,,,,,,,,,,,,,,,,,,,,,,,,,,,,,,,,,,,,,,,,,,,,,,,,,,,,,,,,,,,,,,,,,,,,,,,,,,,,,,,,,,,,,,,,,,,,,,,,,,,,,,,,,,,,,,,,,,,,,,,,,,,,,,,,,,,,,,,,,,,,,,,,,,,,,,,,,,,,,,,,,,
4/26/2022 9:48,4/26/2022 10:03,100,886,1,4/26/2022 10:03,5,,11,Media Specialist and Drone Operator,,,,,,,,,0,0,0,0,0,0,0,0,0,1,,0,0,0,1,0,0,0,0,0,0,1,0,0,0,0,1,1,0,0,0,,,0,0,0,0,0,0,0,0,0,0,0,1,0,0,0,0,0,0,0,1,0,0,0,0,,1,1,0,1,0,0,0,,1,1,1,0,1,0,0,,1,1,0,0,0,0,,1,0,0,1,0,0,,0,1,0,0,0,1,0,0,0,,1,0,0,0,0,0,1,0,0,,,,,,,0,0,0,0,1,0,0,0,1,0,1,0,0,,1,0,,,,,,,,,,,,,0,1,1,0,1,0,0,0,0,0,0,0,0,0,,6,,4,,4,,,187,0,0,0,0,0,1,0,
4/26/2022 12:06,4/26/2022 12:58,100,3110,1,4/26/2022 12:58,1,,1,,4,6,0,1,0,1,0,Forestry & Range,0,0,0,0,0,0,0,1,0,0,,0,0,0,0,0,0,0,0,0,0,0,0,0,1,0,1,1,0,0,0,,0,0,0,0,0,0,0,0,0,0,0,0,0,0,0,0,0,0,1,0,0,1,0,1,0,,1,1,0,1,0,1,0,,1,0,1,0,1,0,0,,0,1,0,0,0,0,,1,0,1,1,0,0,,1,0,0,0,0,1,1,0,0,,1,0,0,0,0,0,1,0,0,,0,0,0,1,0,0,0,1,1,0,0,0,1,0,1,1,0,0,,1,1,,,,,,,,,,,,,0,1,0,1,0,0,0,0,0,0,1,0,0,0,,5,,4,,1,3,5,187,0,0,0,0,1,0,0,
4/26/2022 20:51,4/26/2022 20:55,100,277,1,4/26/2022 20:55,5,,2,,,,1,1,1,0,0,,0,0,0,0,0,0,0,1,0,0,,0,0,0,0,0,0,0,0,0,0,0,0,0,0,0,1,0,0,0,0,,0,0,0,0,0,0,0,1,0,0,0,0,0,1,0,0,0,0,0,0,0,0,0,1,0,,2,2,,,,,,,,,,,,,,,,,,,,,,,,,,,,,,,,,,,,,,,,,,,,,,,,,,,,,,,,,,,,,,,,,,,,,,0,0,1,1,0,0,0,0,0,1,1,0,0,1,0,0,0,0,0,0,0,0,0,0,0,0,,3,,4,,1,4,7,187,0,0,0,0,1,0,1,
5/2/2022 12:42,5/2/2022 12:50,100,503,1,5/2/2022 12:50,1,,2,,,,0,0,0,1,0,grazing vegetation,0,1,0,0,0,0,0,1,0,0,,0,0,0,0,0,0,0,0,0,1,1,0,0,0,0,0,0,0,0,0,,0,0,0,0,0,0,0,1,0,0,0,0,0,1,0,0,0,0,0,0,0,0,1,0,0,,2,1,0,1,0,0,0,,1,0,1,1,1,0,0,,0,1,0,0,0,0,,1,0,0,1,0,0,,1,0,0,0,0,1,0,0,0,,1,0,0,0,0,1,1,0,0,,0,0,0,1,0,0,0,1,0,0,0,0,1,1,1,0,1,0,,1,1,,,,,,,,,,,,,0,0,0,0,0,0,0,0,0,0,0,0,0,1,US govt banning Chinese equipment,3,,7,my own investigations,4,3,5,187,0,0,0,0,0,1,0,
6/29/2022 16:41,6/29/2022 17:10,100,1708,1,6/29/2022 17:10,1,,3,,,,0,0,0,0,1,,0,0,0,0,0,0,0,0,0,1,,0,0,1,0,0,0,0,0,0,0,0,0,0,0,0,0,0,0,0,0,,0,0,0,0,0,0,0,0,0,1,0,0,0,0,1,1,0,0,0,0,0,0,0,0,0,,1,1,1,1,0,0,0,,1,1,1,0,0,0,0,,1,0,0,0,0,0,,0,0,1,1,1,0,,0,0,0,0,0,1,0,0,0,,0,0,1,0,0,0,1,0,0,,0,0,0,1,0,0,0,0,1,0,0,0,0,0,0,1,1,0,,1,1,,,,,,,,,,,,,0,0,0,0,0,0,0,0,0,1,0,1,0,1,Data standards and ontology for UAV-derived data and metadata,2,,5,,1,2,4,136,,,,,,,,
6/30/2022 8:43,6/30/2022 8:53,100,609,1,6/30/2022 8:53,1,,2,,,,0,0,1,0,0,,0,0,0,0,0,0,0,1,0,0,,0,0,0,1,0,0,0,0,0,1,1,0,0,0,0,1,0,0,0,0,,1,0,0,0,0,0,0,1,0,0,0,0,0,0,0,1,0,0,0,0,0,1,0,0,0,,2,2,,,,,,,,,,,,,,,,,,,,,,,,,,,,,,,,,,,,,,,,,,,,,,,,,,,,,,,,,,,,,,,,,,,,,,0,0,1,0,0,0,0,1,0,0,0,0,0,0,0,0,0,1,0,1,0,0,1,0,0,0,,6,,3,,1,2,4,187,0,0,0,0,1,0,0,
6/30/2022 9:06,6/30/2022 9:37,100,1909,1,6/30/2022 9:38,1,,3,,,,1,1,1,0,0,,0,0,0,0,0,0,0,0,0,1,,0,0,0,0,0,0,0,0,0,0,0,0,0,0,0,0,0,0,0,1,,0,0,0,0,0,0,0,0,0,0,0,0,0,0,1,0,0,0,0,0,1,1,0,0,0,,1,2,,,,,,,,,,,,,,,,,,,,,,,,,,,,,,,,,,,,,,,,,,,,,,,,,,,,,,,,,,,,,,,,,,,,,,0,0,1,0,0,0,0,0,1,0,0,0,0,1,1,1,0,0,0,0,0,0,0,0,0,0,,6,,5,,1,3,3,187,0,0,0,0,1,0,0,
6/30/2022 11:51,6/30/2022 12:56,100,3896,1,6/30/2022 12:56,2,,3,,,,0,0,0,1,0,Specialized UAS Applications,0,0,0,0,0,0,0,1,0,0,,0,0,0,0,0,0,0,0,0,0,0,0,0,0,0,0,0,0,0,1,,0,0,1,0,0,0,0,0,0,0,0,0,0,0,1,0,0,0,0,0,0,0,0,0,1,Wildlife Management,2,2,,,,,,,,,,,,,,,,,,,,,,,,,,,,,,,,,,,,,,,,,,,,,,,,,,,,,,,,,,,,,,,,,,,,,,0,0,0,1,0,0,0,1,0,0,0,0,0,1,1,0,1,0,0,0,0,0,0,0,0,0,,6,,6,,1,2,3,187,0,0,0,0,1,0,0,
7/1/2022 3:00,7/1/2022 3:06,100,326,1,7/1/2022 3:06,5,,5,,,,0,0,0,1,0,plant science ,0,0,0,0,0,0,0,0,0,1,,0,0,1,0,0,0,0,0,0,0,1,0,0,0,0,0,1,0,0,0,,0,0,0,0,0,0,0,0,0,0,0,0,1,1,0,0,1,0,0,0,0,0,0,0,0,,1,1,0,1,0,0,0,,1,0,0,0,0,0,0,,1,1,0,0,0,0,,,,,,,,,1,0,0,0,0,0,0,0,0,,1,0,0,0,0,0,0,0,0,,0,0,0,0,1,0,0,0,1,0,0,0,0,0,1,1,1,0,,1,1,,,,,,,,,,,,,1,0,0,0,1,0,1,0,0,0,0,0,0,0,,6,,5,,4,2,4,122,,,,,,,,
7/1/2022 13:36,7/1/2022 13:41,100,310,1,7/1/2022 13:41,5,,4,,,,0,0,0,0,1,,0,0,0,0,0,0,0,0,0,1,,0,0,0,0,1,0,0,0,0,0,0,0,0,0,0,0,0,0,0,0,,1,0,0,0,0,0,1,0,0,1,0,0,0,0,0,0,1,0,0,0,0,0,0,0,0,,3,2,,,,,,,,,,,,,,,,,,,,,,,,,,,,,,,,,,,,,,,,,,,,,,,,,,,,,,,,,,,,,,,,,,,,,,0,0,0,1,1,0,0,1,0,0,0,0,0,0,0,1,1,0,0,1,0,0,0,0,0,0,,7,high quality service providers for flights,1,,1,2,5,187,0,0,0,0,1,0,0,
7/4/2022 18:38,7/4/2022 18:58,100,1198,1,7/4/2022 18:58,1,,11,Consultant,,,0,0,0,0,1,,0,0,0,0,0,0,0,0,0,1,,0,0,0,0,0,0,0,0,0,0,0,0,0,0,0,0,0,0,1,0,Rice,0,0,0,0,0,0,1,0,0,1,0,1,0,0,0,0,0,0,0,0,0,0,0,0,0,,1,1,1,1,0,0,0,,1,1,1,0,0,0,0,,1,0,0,1,0,0,,1,0,0,1,0,0,,1,0,0,0,0,0,0,0,0,,0,0,0,0,0,0,1,0,0,,0,0,0,1,0,0,0,0,1,0,0,0,0,1,0,0,1,0,,1,1,,,,,,,,,,,,,1,0,0,0,1,0,0,0,0,0,0,0,0,1,"Breeder adoption, database development",7,Open source BRAPI compliant database with online processing and  analysis tools,5,,1,4,4,136,,,,,,,,
7/5/2022 1:32,7/5/2022 1:38,100,388,1,7/5/2022 1:38,1,,4,,,,0,0,0,0,1,,0,0,0,0,0,0,0,0,0,1,,0,0,0,0,0,0,1,0,0,0,0,0,0,0,0,0,0,0,1,0,Aromatic Plants,0,1,0,0,0,0,0,0,0,0,0,0,0,0,0,0,1,0,0,0,0,1,0,0,0,,1,1,1,1,0,0,0,,0,0,1,0,0,0,0,,1,0,0,0,0,0,,0,0,0,1,0,0,,1,0,0,0,0,1,0,0,0,,0,0,0,0,0,0,1,0,1,R,0,0,1,1,0,0,0,0,1,0,0,0,0,1,1,0,0,0,,0,0,,,,,,,,,,,,,0,1,0,1,0,0,0,1,0,0,0,0,0,0,,6,,6,,2,3,5,78,,,,,,,,
7/6/2022 13:24,7/6/2022 14:27,100,3797,1,7/6/2022 14:27,2,,1,,4,6,0,0,0,1,0,,0,0,0,0,0,0,0,0,0,1,,0,0,0,0,0,0,0,0,0,1,0,0,0,0,0,0,0,0,1,0,Ecological areas,0,0,0,0,0,0,0,0,0,0,0,0,0,0,0,0,0,0,0,0,0,1,0,0,0,,3,2,,,,,,,,,,,,,,,,,,,,,,,,,,,,,,,,,,,,,,,,,,,,,,,,,,,,,,,,,,,,,,,,,,,,,,0,0,1,0,0,0,1,0,0,0,0,0,1,0,0,0,0,0,0,0,0,0,0,0,0,0,,3,,1,,1,4,4,187,0,0,0,0,1,0,0,
7/7/2022 22:24,7/7/2022 23:21,100,3399,1,7/7/2022 23:21,1,,2,,,,0,0,0,0,1,,0,0,0,0,0,0,0,0,0,1,,0,0,1,0,0,0,0,0,0,0,0,0,0,0,0,0,0,0,0,0,,0,1,0,0,0,0,1,0,0,0,0,1,0,0,0,0,0,0,0,0,0,0,0,0,0,,1,1,1,1,0,0,0,,1,1,0,0,0,0,0,,1,0,0,0,0,0,,,,,,,,,,,,,,,,,,,,,,,,,,,,,,,,,,,,,,,,,0,0,1,0,0,0,,,,,,,,,,,,,,,,0,0,0,1,1,0,0,0,0,0,1,0,0,0,,1,,6,,1,2,7,136,,,,,,,,
7/11/2022 16:43,7/11/2022 16:52,100,553,1,7/11/2022 16:52,3,,1,,4,6,1,1,0,1,0,"specialty crop breeding, sterile insect technique",1,0,0,0,0,0,0,0,0,0,,0,0,0,0,1,0,0,1,0,0,0,0,0,0,0,0,0,0,1,0,alfalfa,1,1,0,0,0,0,0,0,0,0,0,0,0,1,0,0,0,0,0,0,1,0,0,0,0,,2,2,,,,,,,,,,,,,,,,,,,,,,,,,,,,,,,,,,,,,,,,,,,,,,,,,,,,,,,,,,,,,,,,,,,,,,0,0,0,1,0,0,0,0,0,0,0,1,0,0,0,1,1,0,0,1,0,0,0,0,0,0,,6,,1,,1,4,5,187,0,0,1,0,0,0,0,
7/16/2022 22:12,7/16/2022 22:29,100,1033,1,7/16/2022 22:29,5,,7,,,,1,1,0,0,0,,0,0,0,0,0,0,0,0,0,1,,0,1,1,1,0,0,0,0,0,0,0,0,1,1,0,0,0,1,0,0,,1,0,0,0,0,0,1,0,0,0,0,0,0,1,1,0,0,0,0,0,0,0,0,0,0,,1,1,0,1,0,0,0,,1,1,1,0,0,1,0,,1,1,1,0,0,0,,0,1,1,1,1,0,,1,0,0,0,0,0,0,0,0,,1,0,0,0,0,0,1,0,0,,0,0,0,1,0,0,0,0,1,0,0,0,0,0,1,1,1,0,,1,1,,,,,,,,,,,,,0,0,0,0,0,0,0,0,0,0,1,0,0,0,,1,,5,,1,4,5,187,0,0,0,0,0,1,0,
7/26/2022 23:35,7/26/2022 23:40,100,299,1,7/26/2022 23:40,1,,1,,4,4,1,1,1,0,0,,0,0,0,0,0,0,0,0,0,1,,0,0,1,1,0,0,1,0,0,1,1,0,0,0,0,1,0,1,0,0,,0,0,0,0,0,0,0,0,0,0,0,0,0,0,0,1,0,0,1,0,0,0,1,0,0,,1,1,0,1,0,0,0,,1,0,1,0,0,0,0,,1,1,0,0,0,0,,1,0,0,0,0,0,,1,1,0,0,0,1,0,0,0,,1,0,0,0,0,1,1,0,1,Reality Capture,0,0,1,1,0,1,1,1,0,0,0,0,0,0,1,0,0,1,National infrastructure storage,1,1,,,,,,,,,,,,,0,0,0,0,0,0,0,0,0,1,0,1,0,1,Lack of data management (not the same as lack of storage),6,,1,,1,4,7,9,,,,,,,,
8/11/2022 6:45,8/11/2022 6:48,100,190,1,8/11/2022 6:48,5,,3,,,,0,0,0,0,1,,0,0,0,0,0,0,0,0,0,1,,0,0,0,0,0,0,0,0,0,0,0,0,1,0,0,0,0,0,0,0,,1,1,0,0,0,0,1,0,0,0,0,1,0,0,0,0,0,0,0,0,0,0,0,0,0,,1,2,,,,,,,,,,,,,,,,,,,,,,,,,,,,,,,,,,,,,,,,,,,,,,,,,,,,,,,,,,,,,,,,,,,,,,0,1,1,0,0,0,0,1,1,0,0,0,0,1,0,0,1,0,0,0,0,0,1,0,0,0,,5,,5,,2,2,3,187,0,0,0,0,1,0,0,
8/11/2022 6:59,8/11/2022 7:12,100,722,1,8/11/2022 7:12,1,,3,,,,1,0,1,0,0,,0,0,0,0,0,0,0,0,0,1,,0,0,0,0,0,0,0,0,0,0,1,0,0,0,0,0,1,1,0,0,,1,1,0,0,0,0,0,0,0,0,0,0,0,0,0,0,0,0,0,0,1,1,0,0,0,,,2,,,,,,,,,,,,,,,,,,,,,,,,,,,,,,,,,,,,,,,,,,,,,,,,,,,,,,,,,,,,,,,,,,,,,,0,0,1,1,1,0,0,0,1,0,1,0,0,0,0,1,1,0,1,0,0,0,0,0,0,0,,1,,7,No experience ,2,1,4,31,,,,,,,,
8/11/2022 7:13,8/11/2022 7:20,100,372,1,8/11/2022 7:20,1,,3,,,,1,0,0,0,0,,0,0,0,0,0,0,0,0,0,1,,0,0,1,0,0,0,0,0,0,0,0,0,1,1,0,0,1,1,0,0,,1,1,0,0,0,0,1,0,0,0,1,0,0,0,0,0,0,0,0,0,0,0,0,0,0,,4,2,,,,,,,,,,,,,,,,,,,,,,,,,,,,,,,,,,,,,,,,,,,,,,,,,,,,,,,,,,,,,,,,,,,,,,0,0,0,1,0,0,0,1,0,0,0,0,0,1,0,1,1,0,0,0,0,0,0,0,0,0,,1,,1,,1,4,4,31,,,,,,,,
8/11/2022 7:41,8/11/2022 7:47,100,393,1,8/11/2022 7:47,2,,2,,,,0,0,0,0,1,,0,0,0,0,0,0,0,0,0,1,,0,0,0,0,0,0,0,0,0,0,0,0,0,0,0,0,1,0,0,0,,0,1,0,0,0,0,1,0,0,1,0,0,0,0,0,0,0,0,0,0,0,0,0,0,0,,3,2,,,,,,,,,,,,,,,,,,,,,,,,,,,,,,,,,,,,,,,,,,,,,,,,,,,,,,,,,,,,,,,,,,,,,,0,0,0,1,0,0,0,1,0,0,0,0,0,0,0,0,1,0,0,1,0,1,0,0,0,0,,6,,1,,2,2,5,187,0,0,0,0,1,0,0,
8/11/2022 7:40,8/11/2022 7:52,100,718,1,8/11/2022 7:52,5,,2,,,,1,0,0,0,0,,0,0,0,0,0,0,0,0,1,0,"Nematodes, bateria and fungi",0,0,1,0,1,0,0,0,0,0,1,0,1,1,1,1,1,0,0,0,,1,0,0,0,0,0,0,1,0,0,1,0,0,0,0,0,0,0,0,0,1,0,0,0,0,,1,1,0,1,0,0,0,,0,1,1,0,0,0,0,,1,0,0,0,0,0,,0,0,0,1,1,0,,0,0,0,0,0,0,0,1,0,,0,0,0,0,0,0,0,1,0,,0,0,1,0,0,0,0,1,0,0,0,0,0,0,1,0,0,0,,0,1,,,,,,,,,,,,,0,0,0,0,0,0,0,0,0,0,0,0,1,0,,7,Research Funds,1,,1,6,5,187,0,0,0,0,1,0,0,
8/11/2022 7:55,8/11/2022 8:03,100,445,1,8/11/2022 8:03,4,,5,,,,0,0,0,0,1,,0,0,0,0,0,0,0,0,0,1,,0,0,0,0,0,0,0,0,0,0,0,0,1,0,0,0,0,0,0,0,,0,1,0,0,0,0,1,0,0,1,0,0,0,0,0,0,0,0,0,0,0,0,0,0,0,,1,1,1,0,0,0,0,,1,0,0,0,0,0,0,,1,0,0,0,0,0,,0,0,1,1,0,0,,0,0,0,0,0,0,0,1,0,,0,0,0,0,0,0,0,1,0,,0,0,0,1,0,0,0,1,0,0,0,0,0,0,1,0,0,0,,1,1,,,,,,,,,,,,,0,1,1,0,0,0,0,0,0,0,1,0,0,0,,3,,1,,2,1,5,187,1,0,0,0,0,0,0,
8/11/2022 8:06,8/11/2022 8:09,100,216,1,8/11/2022 8:09,1,,5,,,,0,0,0,1,0,Plant Pathology,0,0,0,0,0,0,0,0,1,0,"Fungi, bacteria, viruses",0,0,0,0,0,0,0,0,0,0,0,0,1,0,0,0,1,0,0,0,,1,0,0,0,0,0,0,0,0,0,1,0,0,0,0,0,1,0,0,0,0,0,0,0,0,,2,2,,,,,,,,,,,,,,,,,,,,,,,,,,,,,,,,,,,,,,,,,,,,,,,,,,,,,,,,,,,,,,,,,,,,,,0,1,1,0,0,0,0,0,0,0,1,0,0,1,1,1,0,0,0,0,0,0,0,0,0,0,,1,,1,,1,1,3,187,0,0,0,0,1,0,0,
8/11/2022 8:10,8/11/2022 8:18,100,486,1,8/11/2022 8:18,5,,4,,,,0,0,1,0,0,,0,0,0,0,0,0,0,0,0,1,,0,0,0,0,0,0,0,0,0,0,1,0,0,0,0,0,1,0,0,0,,0,0,0,0,0,0,1,0,0,1,0,0,0,0,0,0,1,0,0,0,0,0,0,0,0,,3,2,,,,,,,,,,,,,,,,,,,,,,,,,,,,,,,,,,,,,,,,,,,,,,,,,,,,,,,,,,,,,,,,,,,,,,,,,,,0,0,1,0,0,0,0,,,,,,,,,,,,,,,,,,,,1,2,5,187,,,,,,,,
8/11/2022 8:23,8/11/2022 8:26,100,175,1,8/11/2022 8:26,5,,2,,,,0,0,0,1,0,Agronomy,0,0,0,0,0,0,0,0,0,1,,0,0,0,0,0,0,0,0,0,0,0,0,1,0,0,0,0,0,0,0,,0,1,0,0,0,0,0,0,0,0,0,1,0,0,0,0,0,0,0,0,0,0,0,0,0,,3,3,,,,,,,,,,,,,,,,,,,,,,,,,,,,,,,,,,,,,,,,,,,,,,,,,,,,,,,,,,,,,,,,,,,,,,,,,,,,,,,,,,0,0,0,0,0,0,0,0,0,0,1,0,0,0,,,,,,2,4,5,187,0,0,0,0,1,0,0,
8/11/2022 8:58,8/11/2022 9:03,100,335,1,8/11/2022 9:03,5,,2,,,,0,0,0,1,0,Storage,0,0,0,0,0,0,0,0,0,1,,0,0,0,0,0,0,0,0,0,0,0,0,1,0,0,0,0,0,0,0,,0,0,0,0,0,0,0,0,0,0,0,1,0,1,0,0,1,0,0,0,0,0,0,0,0,,1,2,,,,,,,,,,,,,,,,,,,,,,,,,,,,,,,,,,,,,,,,,,,,,,,,,,,,,,,,,,,,,,,,,,,,,,0,0,1,0,0,0,0,0,1,0,0,0,0,1,0,0,1,0,0,0,0,0,1,0,0,0,,1,,1,,1,4,7,24,,,,,,,,
8/11/2022 9:07,8/11/2022 9:11,100,234,1,8/11/2022 9:11,5,,5,,,,0,0,0,1,0,Natural Resources ,0,1,0,0,0,0,0,0,0,0,,0,0,0,0,1,0,0,1,0,1,0,0,0,0,0,1,0,0,0,0,,0,0,0,0,0,0,0,0,0,0,0,0,0,0,0,0,0,0,0,0,0,1,1,0,0,,2,2,,,,,,,,,,,,,,,,,,,,,,,,,,,,,,,,,,,,,,,,,,,,,,,,,,,,,,,,,,,,,,,,,,,,,,0,0,1,0,0,0,0,1,0,0,0,0,0,1,0,0,0,0,1,0,0,0,0,1,0,0,,1,,,,1,2,4,187,0,0,0,0,1,0,0,
8/11/2022 9:12,8/11/2022 9:23,100,638,1,8/11/2022 9:23,6,,11,Agronomist,,,0,0,0,1,0,Crops and everything about them!!,0,0,0,0,0,0,0,0,0,1,,0,0,0,0,0,0,0,0,1,0,0,0,1,0,0,0,0,0,0,0,,1,1,0,0,0,0,0,0,0,0,1,1,0,0,0,0,0,0,0,0,0,0,0,0,0,,2,1,0,1,0,0,0,,1,0,0,0,0,0,0,,0,0,0,1,0,0,,1,0,0,0,0,0,,1,0,0,0,0,0,0,0,0,,0,0,0,0,0,0,0,1,0,,0,0,0,1,0,0,0,1,0,0,0,0,0,0,0,0,1,0,,0,0,,,,,,,,,,,,,0,0,0,1,0,0,0,0,0,0,1,0,0,1,Physical barriers in fields - trees + power lines,1,,3,,1,5,3,185,,,,,,,,
8/11/2022 9:14,8/11/2022 9:25,100,647,1,8/11/2022 9:25,1,,1,,4,6,0,0,1,0,0,,0,0,0,0,0,0,0,0,0,1,,0,0,0,0,0,0,0,0,0,0,0,0,0,0,0,0,1,0,0,0,,0,0,0,0,0,0,1,0,0,1,0,1,0,0,0,0,0,0,0,0,0,0,0,0,0,,3,2,,,,,,,,,,,,,,,,,,,,,,,,,,,,,,,,,,,,,,,,,,,,,,,,,,,,,,,,,,,,,,,,,,,,,,0,0,0,1,0,0,0,0,0,0,0,1,0,0,0,0,0,0,0,1,0,0,0,0,0,0,,7,Outsource of data analysis,7,"I set up collaborative arrangements to use drones in the past, but trained personnel shortage to analyze data and other higher priorities have limited data analysis.",2,4,7,187,0,0,0,0,1,0,0,
8/11/2022 9:26,8/11/2022 9:30,100,239,1,8/11/2022 9:30,1,,1,,3,4,0,1,1,0,0,,0,0,0,0,0,0,0,0,0,1,,0,0,0,0,0,0,0,0,0,0,0,0,1,0,0,0,0,0,0,0,,1,0,0,0,0,0,1,0,0,1,0,1,0,0,0,0,0,0,0,0,0,0,0,0,0,,3,3,,,,,,,,,,,,,,,,,,,,,,,,,,,,,,,,,,,,,,,,,,,,,,,,,,,,,,,,,,,,,,,,,,,,,,,,,,,,,,,,,,0,0,0,0,0,0,0,0,0,0,0,0,1,0,,,,,,1,5,5,187,0,0,0,0,1,0,0,
8/11/2022 9:28,8/11/2022 9:35,100,388,1,8/11/2022 9:35,4,,3,,,,0,0,0,0,1,,0,0,0,0,0,0,0,0,0,1,,0,0,0,0,0,0,0,0,0,0,1,0,0,0,0,0,1,0,0,0,,0,0,0,0,0,0,1,0,0,1,0,0,0,0,0,0,1,0,0,0,0,0,0,0,0,,2,1,0,1,0,0,0,,1,0,1,1,0,0,0,,1,0,0,0,0,0,,,,,,,,,0,0,0,0,0,0,0,1,0,,0,0,0,0,0,0,0,1,0,,0,0,1,1,0,0,0,1,0,0,0,0,0,0,1,0,0,0,,1,0,,,,,,,,,,,,,0,1,1,0,1,0,0,0,0,0,0,0,0,0,,2,,1,,4,3,4,187,0,0,0,0,0,1,0,
8/11/2022 9:35,8/11/2022 9:44,100,498,1,8/11/2022 9:44,7,farming,9,,,,1,1,0,0,0,,0,0,0,0,0,0,0,0,0,1,,0,0,0,0,0,0,0,0,0,0,0,0,1,0,0,0,0,0,0,0,,1,0,0,0,0,0,0,0,0,0,1,1,0,0,0,0,0,0,0,0,1,0,0,0,0,,2,2,,,,,,,,,,,,,,,,,,,,,,,,,,,,,,,,,,,,,,,,,,,,,,,,,,,,,,,,,,,,,,,,,,,,,,0,0,1,1,0,0,0,1,0,0,0,0,0,0,0,1,1,0,0,0,0,0,0,0,0,0,,2,,3,,1,6,4,187,0,0,0,0,1,0,0,
8/11/2022 9:43,8/11/2022 9:53,100,648,1,8/11/2022 9:53,1,,5,,,,0,0,0,1,0,Human components of agroecosystems,0,0,0,0,0,0,0,0,0,1,,0,0,0,0,0,0,0,0,0,0,0,0,0,0,0,0,0,0,0,1,,0,1,0,0,0,0,0,0,0,0,0,0,0,0,0,0,0,0,0,0,0,0,0,0,1,Human component of agroecology,2,3,,,,,,,,,,,,,,,,,,,,,,,,,,,,,,,,,,,,,,,,,,,,,,,,,,,,,,,,,,,,,,,,,,,,,,,,,,,,,,,,,,0,1,1,1,0,0,0,0,0,0,0,0,0,0,,,,,,2,1,4,187,0,0,0,0,1,0,0,
8/11/2022 9:55,8/11/2022 9:59,100,294,1,8/11/2022 10:00,4,,5,,,,0,0,0,1,0,fertility,0,0,0,0,0,0,0,0,0,1,,0,0,0,0,0,0,0,0,0,0,0,0,1,0,0,0,0,0,0,0,,0,1,0,0,0,0,0,0,0,0,0,0,0,0,0,0,0,0,0,0,0,0,0,0,0,,3,3,,,,,,,,,,,,,,,,,,,,,,,,,,,,,,,,,,,,,,,,,,,,,,,,,,,,,,,,,,,,,,,,,,,,,,,,,,,,,,,,,,1,1,0,0,0,0,0,0,0,0,1,0,0,0,,,,,,1,1,3,187,0,0,0,0,1,0,0,
8/11/2022 10:00,8/11/2022 10:06,100,374,1,8/11/2022 10:06,1,,2,,,,0,0,0,0,1,,0,0,0,0,0,0,0,0,0,1,,0,0,0,0,0,0,0,0,0,0,0,0,1,0,0,0,0,0,0,0,,0,1,0,0,0,0,1,0,0,0,0,1,0,0,0,0,0,0,0,0,0,0,0,0,0,,2,3,,,,,,,,,,,,,,,,,,,,,,,,,,,,,,,,,,,,,,,,,,,,,,,,,,,,,,,,,,,,,,,,,,,,,,,,,,,,,,,,,,0,0,0,1,0,0,0,1,0,0,0,0,1,0,,,,,,1,5,5,187,0,0,0,0,1,0,0,
8/11/2022 10:07,8/11/2022 10:13,100,353,1,8/11/2022 10:13,5,,5,,,,1,1,0,0,0,,0,0,1,0,0,0,0,1,0,0,,1,0,0,0,0,0,0,0,0,0,0,0,0,0,0,1,0,0,0,0,,1,0,0,0,0,0,0,1,0,0,0,0,0,0,0,0,0,0,0,0,0,1,0,1,0,,1,2,,,,,,,,,,,,,,,,,,,,,,,,,,,,,,,,,,,,,,,,,,,,,,,,,,,,,,,,,,,,,,,,,,,,,,1,1,1,0,0,0,0,1,0,0,0,0,0,1,0,0,0,0,0,0,1,0,1,0,0,0,,1,,2,,1,1,4,187,0,0,0,0,1,0,0,
8/11/2022 10:21,8/11/2022 10:26,100,266,1,8/11/2022 10:26,5,,2,,,,0,0,0,1,0,Agronomics,0,0,0,0,0,0,0,0,0,1,,0,0,0,0,0,0,0,0,0,0,0,0,1,0,0,0,0,0,0,0,,0,1,0,0,0,0,0,0,0,0,0,0,0,0,0,0,0,0,0,0,1,0,0,0,0,,2,2,,,,,,,,,,,,,,,,,,,,,,,,,,,,,,,,,,,,,,,,,,,,,,,,,,,,,,,,,,,,,,,,,,,,,,0,0,1,1,1,0,0,0,1,0,0,0,0,0,0,1,1,0,0,0,0,0,1,0,0,0,,4,,1,,1,2,5,187,0,0,0,0,1,0,0,
8/11/2022 10:40,8/11/2022 10:46,100,358,1,8/11/2022 10:46,4,,2,,,,1,0,0,0,0,,0,0,0,0,0,0,0,0,0,1,,0,0,1,0,0,0,0,0,0,0,1,0,1,1,0,0,1,0,0,0,,1,1,0,0,0,0,0,1,0,0,0,0,0,0,0,0,0,0,0,0,1,0,0,0,0,,2,2,,,,,,,,,,,,,,,,,,,,,,,,,,,,,,,,,,,,,,,,,,,,,,,,,,,,,,,,,,,,,,,,,,,,,,0,0,1,0,0,0,0,1,0,0,0,0,0,0,1,1,1,0,0,0,0,0,0,0,0,0,,5,,1,,1,3,7,187,0,0,0,1,1,0,0,
8/11/2022 10:44,8/11/2022 10:50,100,310,1,8/11/2022 10:50,4,,3,,,,0,0,0,0,1,,0,0,0,0,0,0,0,0,0,1,,0,0,0,0,0,0,0,0,0,0,0,0,1,0,0,0,0,0,0,0,,,0,0,0,0,0,0,0,0,1,0,0,0,0,0,0,0,0,0,0,0,0,0,0,0,,1,2,,,,,,,,,,,,,,,,,,,,,,,,,,,,,,,,,,,,,,,,,,,,,,,,,,,,,,,,,,,,,,,,,,,,,,0,0,1,0,0,0,0,1,1,0,0,0,0,1,0,1,0,0,0,1,0,0,0,0,0,0,,6,,6,,2,3,4,187,0,0,0,0,1,0,0,
8/11/2022 10:07,8/11/2022 11:02,100,3337,1,8/11/2022 11:02,5,,5,,,,,,,,,,0,0,0,0,0,0,0,1,0,0,,0,0,1,0,0,0,0,0,0,1,0,0,0,0,0,0,0,1,0,0,,0,0,1,1,0,0,0,0,0,0,0,0,0,0,0,0,0,0,0,0,0,0,1,0,0,,2,2,,,,,,,,,,,,,,,,,,,,,,,,,,,,,,,,,,,,,,,,,,,,,,,,,,,,,,,,,,,,,,,,,,,,,,0,0,1,0,0,0,0,1,0,0,0,0,0,0,1,1,0,0,0,0,0,0,1,0,0,0,,1,,2,,2,1,4,187,0,0,0,0,1,0,0,
8/10/2022 13:47,8/11/2022 11:21,100,77624,1,8/11/2022 11:21,5,,2,,,,1,1,0,0,0,,0,0,0,0,0,0,0,0,0,1,,0,0,0,0,0,1,0,0,0,0,0,0,1,0,0,0,1,1,0,0,,0,1,0,0,0,0,0,0,0,0,0,1,1,0,0,0,0,0,0,0,0,0,0,0,0,,2,2,,,,,,,,,,,,,,,,,,,,,,,,,,,,,,,,,,,,,,,,,,,,,,,,,,,,,,,,,,,,,,,,,,,,,,0,1,1,0,0,0,0,0,1,0,0,0,0,1,0,1,0,0,0,1,0,0,0,0,0,0,,4,,5,,1,6,5,187,0,0,0,0,1,0,0,
8/11/2022 11:30,8/11/2022 11:37,100,411,1,8/11/2022 11:37,1,,1,,4,5,0,0,0,0,1,,0,0,0,0,0,0,0,0,0,1,,0,0,1,0,0,0,0,0,0,0,0,0,1,0,1,0,0,1,0,0,,1,1,0,0,0,0,0,0,0,0,1,0,0,0,0,0,0,0,0,0,0,0,0,0,0,,2,1,0,1,0,0,0,,1,0,0,0,0,0,0,,1,0,0,0,0,0,,,,,,,,,1,0,0,0,0,0,0,0,0,,,,,,,,,,,,0,0,1,0,0,0,0,0,1,0,0,0,0,0,1,0,0,0,,1,0,,,,,,,,,,,,,0,0,1,0,1,0,0,0,0,0,0,0,0,1,Unsure of how to improve what I am currently doing.,2,,4,,1,4,7,187,0,0,0,0,1,0,0,
8/11/2022 11:59,8/11/2022 12:31,100,1882,1,8/11/2022 12:31,1,,3,,,,,,,,,,,,,,,,,,,,,0,0,0,0,0,0,0,0,0,0,1,0,0,0,0,0,0,0,1,0,Potato sweet potato coffee maiz wheat,,1,0,0,0,0,0,0,0,0,0,0,0,0,1,0,0,0,0,0,0,1,0,0,0,,1,1,0,1,0,0,0,,0,1,1,0,1,1,0,,1,0,0,0,0,0,,0,0,0,1,0,0,,1,0,0,0,0,0,0,0,0,,1,0,0,0,0,0,1,0,0,,0,0,0,1,0,0,0,0,1,0,0,0,0,0,1,0,1,0,,0,,,,,,,,,,,,,,0,1,0,0,1,0,0,0,0,0,1,0,0,0,,4,,5,,1,3,4,135,,,,,,,,
8/11/2022 13:27,8/11/2022 13:31,100,282,1,8/11/2022 13:31,5,,1,,3,6,0,0,1,0,0,,0,1,1,0,1,0,1,0,0,0,,0,0,0,0,0,0,0,0,0,0,0,0,0,0,0,0,0,0,0,1,,1,0,0,0,0,0,1,0,0,1,0,0,0,0,0,0,1,0,0,0,0,0,0,0,0,,1,2,,,,,,,,,,,,,,,,,,,,,,,,,,,,,,,,,,,,,,,,,,,,,,,,,,,,,,,,,,,,,,,,,,,,,,0,0,1,0,0,0,0,0,0,0,0,1,0,1,0,1,0,0,0,0,0,0,0,1,0,0,,5,,2,,1,2,5,187,0,0,0,0,0,0,1,
8/11/2022 14:15,8/11/2022 14:17,100,161,1,8/11/2022 14:17,1,,4,,,,1,1,0,1,0,vegetation,0,0,0,0,0,0,0,0,0,1,,0,0,1,0,0,0,0,0,1,0,1,0,0,0,0,1,0,1,0,0,,0,0,0,0,0,0,0,1,0,0,0,0,0,0,0,0,0,0,0,0,0,1,1,0,0,,2,3,,,,,,,,,,,,,,,,,,,,,,,,,,,,,,,,,,,,,,,,,,,,,,,,,,,,,,,,,,,,,,,,,,,,,,,,,,,,,,,,,,0,0,0,0,0,0,0,0,0,0,0,0,1,0,,,,,,2,3,7,187,0,0,0,0,1,0,0,
8/11/2022 14:34,8/11/2022 14:38,100,244,1,8/11/2022 14:38,5,,1,,4,6,0,0,0,1,0,entomology ,1,0,0,0,0,0,0,0,0,0,,0,0,1,0,1,0,0,0,0,0,1,1,0,1,0,0,1,0,0,0,,1,1,0,0,0,0,0,1,0,0,0,0,0,0,0,0,0,0,0,0,1,0,0,0,0,,1,2,,,,,,,,,,,,,,,,,,,,,,,,,,,,,,,,,,,,,,,,,,,,,,,,,,,,,,,,,,,,,,,,,,,,,,0,0,0,0,1,0,0,0,1,0,0,0,0,0,0,1,1,0,0,0,0,1,0,0,0,0,,1,,1,,2,4,5,187,0,0,0,0,0,1,0,
8/11/2022 16:48,8/11/2022 16:51,100,220,1,8/11/2022 16:51,4,,5,,,,1,1,1,0,0,,0,0,0,0,0,0,0,0,0,1,,0,0,1,0,0,0,0,0,0,1,0,1,0,0,0,0,0,0,0,0,,1,0,0,0,0,0,0,0,0,0,0,0,0,0,0,0,0,0,0,0,1,1,0,1,0,,1,3,,,,,,,,,,,,,,,,,,,,,,,,,,,,,,,,,,,,,,,,,,,,,,,,,,,,,,,,,,,,,,,,,,,,,,,,,,,,,,,,,,0,1,0,0,0,0,0,0,0,0,0,0,0,1,Communicating results and utility of results to producers and other stakeholders. ,,,,,2,2,4,187,0,0,0,0,1,0,0,
8/11/2022 19:33,8/11/2022 19:37,100,255,1,8/11/2022 19:37,2,,11,Agronomist ,,,1,1,0,1,0,Field Crops ,0,0,0,0,0,0,0,0,0,1,,0,0,0,0,0,0,0,0,0,0,0,0,1,1,0,0,1,0,0,0,,1,1,0,0,0,0,0,0,0,1,0,1,0,0,0,0,0,0,0,0,0,0,0,0,0,,2,2,,,,,,,,,,,,,,,,,,,,,,,,,,,,,,,,,,,,,,,,,,,,,,,,,,,,,,,,,,,,,,,,,,,,,,0,1,0,1,0,0,0,0,0,0,1,0,1,0,0,0,0,0,0,1,0,1,0,0,0,0,,,,,,2,1,3,187,0,0,0,0,1,0,0,
8/11/2022 19:35,8/11/2022 19:42,100,420,1,8/11/2022 19:42,2,,2,,,,1,0,0,0,0,,0,0,0,0,0,0,0,0,0,1,,0,0,0,0,0,0,0,0,0,0,0,0,1,0,0,0,0,0,0,0,,1,1,0,0,0,0,0,0,0,0,0,0,0,0,0,0,0,0,0,0,1,0,0,0,0,,2,2,,,,,,,,,,,,,,,,,,,,,,,,,,,,,,,,,,,,,,,,,,,,,,,,,,,,,,,,,,,,,,,,,,,,,,0,1,0,0,0,0,0,0,1,0,0,0,0,0,0,0,0,0,0,1,0,0,1,0,0,0,,5,,3,,2,4,5,187,0,0,0,0,1,0,0,
8/12/2022 1:52,8/12/2022 1:59,100,461,1,8/12/2022 1:59,2,,2,,,,0,0,0,1,0,crops,,,,,,,,,,,,0,1,1,1,1,1,1,0,1,1,1,0,1,1,1,1,1,0,0,0,,1,1,0,0,0,0,0,0,0,0,0,0,0,0,0,1,0,0,0,1,0,0,0,0,0,,1,1,0,1,0,0,0,,1,0,1,1,0,1,0,,1,0,0,1,0,0,,1,0,1,1,0,0,,0,1,0,1,0,1,0,0,0,,0,0,0,0,0,0,0,0,1,Poma,0,0,0,1,0,0,0,0,0,1,0,0,0,1,0,0,0,0,,1,0,,,,,,,,,,,,,1,0,0,1,0,0,0,0,0,0,0,0,0,1,Lack of color science by the industry,7,Poma,7,Developed Poma,1,6,6,187,0,0,0,0,1,0,0,
8/12/2022 1:52,8/12/2022 2:05,100,825,1,8/12/2022 2:05,6,,11,Consultant (PhD level),,,1,1,1,0,0,,0,0,0,0,0,0,0,0,0,1,,0,0,0,0,0,0,0,0,0,0,0,0,1,0,0,0,0,0,1,0,potatoes,0,1,0,0,0,0,0,0,0,0,0,1,0,1,0,0,0,0,0,0,0,0,0,0,0,,2,1,0,1,0,0,0,,1,1,0,0,0,0,0,,0,1,0,1,0,0,,1,0,0,0,0,0,,0,0,0,0,0,0,0,0,1,DJI Pilot,0,0,0,0,0,1,0,0,0,,0,0,1,0,0,0,0,0,1,0,0,0,0,0,0,0,1,0,,0,0,,,,,,,,,,,,,0,0,0,0,1,0,0,0,0,0,1,0,0,0,,4,,6,,1,5,5,65,,,,,,,,
8/12/2022 6:56,8/12/2022 7:09,100,823,1,8/12/2022 7:09,7,Retired Principal Scientist from Nepal Agricultural Research Council,1,,4,2,0,0,0,1,0,Potato Agronomy and physiology,0,0,0,0,0,0,0,0,0,1,,0,0,0,0,0,0,0,0,0,0,0,0,0,0,0,0,1,0,1,0,Potato,0,1,0,0,0,0,0,0,0,0,0,1,0,0,0,0,0,0,0,0,0,0,0,0,0,,2,2,,,,,,,,,,,,,,,,,,,,,,,,,,,,,,,,,,,,,,,,,,,,,,,,,,,,,,,,,,,,,,,,,,,,,,0,1,0,0,0,0,0,0,1,0,0,0,0,1,0,0,1,0,0,0,0,0,0,1,0,0,,1,,4,,1,5,5,121,,,,,,,,
8/12/2022 8:43,8/12/2022 8:55,100,713,1,8/12/2022 8:55,2,,8,,,,1,1,0,0,0,,,,,,,,,,,,,0,0,0,0,0,0,0,0,0,0,1,0,1,0,0,0,1,0,0,0,,1,1,0,0,0,0,0,1,0,0,0,0,0,0,0,0,0,0,0,0,0,0,0,0,0,,3,1,,,,,,,1,1,0,0,0,0,0,,0,1,0,1,0,0,,0,0,0,1,0,0,,,,,,,,,,,,0,0,0,0,0,0,0,1,0,,0,1,1,1,0,0,0,0,1,0,0,0,0,0,1,0,0,0,,,0,,,,,,,,,,,,,0,1,0,0,0,0,1,0,0,0,0,0,0,0,,6,,5,,1,4,4,,,,,,,,,
8/12/2022 9:43,8/12/2022 9:50,100,420,1,8/12/2022 9:50,5,,1,,4,6,0,0,0,0,1,,0,0,0,0,0,0,0,0,0,1,,0,0,0,0,0,0,0,0,0,0,0,0,1,0,0,0,0,0,0,0,,0,0,0,0,0,0,1,0,0,1,0,0,0,0,0,0,0,0,0,0,0,0,0,0,0,,3,1,0,1,0,0,0,,1,0,1,0,0,0,0,,1,0,1,0,0,0,,1,0,0,0,0,0,,0,0,0,1,0,0,0,0,0,,0,0,0,0,0,0,0,1,0,,0,0,0,1,0,0,0,1,0,0,0,0,0,1,0,0,1,0,,0,1,,,,,,,,,,,,,0,0,0,0,0,0,0,1,0,0,0,0,0,0,,,,6,,1,3,7,187,0,0,0,0,1,0,0,
8/12/2022 16:15,8/12/2022 16:20,100,348,1,8/12/2022 16:20,5,,1,,4,5,0,0,1,0,0,,0,0,0,0,0,0,0,0,0,1,,0,0,0,0,0,0,0,0,0,0,1,0,1,0,0,0,1,0,0,0,,0,1,0,0,0,0,1,0,0,0,0,1,0,0,0,0,0,0,0,0,0,0,0,0,0,,4,2,,,,,,,,,,,,,,,,,,,,,,,,,,,,,,,,,,,,,,,,,,,,,,,,,,,,,,,,,,,,,,,,,,,,,,0,0,0,1,0,0,0,0,1,0,0,0,0,0,0,1,1,0,0,0,0,0,1,0,0,0,,6,,1,,1,2,5,187,0,0,0,0,1,0,0,
8/12/2022 18:00,8/12/2022 18:05,100,296,1,8/12/2022 18:05,2,,11,Agronomist ,,,0,0,0,1,0,Potato cropping,0,0,0,0,0,0,0,0,0,1,,0,0,0,0,0,0,0,0,0,0,0,0,1,0,0,0,0,0,0,0,,0,1,0,0,0,0,0,0,0,0,0,0,0,0,0,0,0,0,0,0,0,0,0,0,0,,4,3,,,,,,,,,,,,,,,,,,,,,,,,,,,,,,,,,,,,,,,,,,,,,,,,,,,,,,,,,,,,,,,,,,,,,,,,,,,,,,,,,,0,0,1,0,0,0,1,0,0,1,0,0,0,0,,,,,,1,3,3,187,0,0,0,0,1,0,0,
8/13/2022 21:47,8/13/2022 22:02,100,903,1,8/13/2022 22:02,7,Retired - Potato Seed Certification,11,Retired - But still involved with potato seed production,,,0,0,0,0,1,,0,0,0,0,0,0,0,0,0,1,,0,0,0,0,0,1,0,0,0,0,1,0,1,0,0,0,0,1,0,0,,0,1,0,0,0,0,1,0,0,0,1,0,0,0,0,0,0,0,0,0,0,0,0,0,0,,2,3,,,,,,,,,,,,,,,,,,,,,,,,,,,,,,,,,,,,,,,,,,,,,,,,,,,,,,,,,,,,,,,,,,,,,,,,,,,,,,,,,,1,0,0,0,0,0,0,0,1,0,1,0,0,0,,,,,,1,6,3,187,0,0,0,0,1,0,0,
8/14/2022 12:53,8/14/2022 12:58,100,333,1,8/14/2022 12:58,5,,2,,,,0,1,1,0,0,,0,0,0,0,0,0,0,0,0,1,,0,0,1,0,0,0,1,0,0,0,0,0,1,0,0,0,0,0,0,0,,0,1,0,0,0,0,1,0,0,0,0,1,0,0,0,0,0,0,0,0,0,0,0,0,0,,1,2,,,,,,,,,,,,,,,,,,,,,,,,,,,,,,,,,,,,,,,,,,,,,,,,,,,,,,,,,,,,,,,,,,,,,,0,0,1,1,0,0,0,0,1,0,1,0,0,1,0,0,0,0,0,0,0,0,0,1,0,0,,5,,5,,1,4,5,179,,,,,,,,
8/14/2022 14:01,8/14/2022 14:10,100,578,1,8/14/2022 14:10,6,,9,,,,0,0,0,1,0,irrigation,0,0,0,0,0,0,0,0,1,0,irrigation,0,0,0,0,0,0,0,0,0,0,0,0,0,0,0,0,1,0,0,0,,1,1,0,0,0,0,0,0,0,0,0,0,0,1,0,0,0,0,0,0,0,0,0,0,0,,3,2,,,,,,,,,,,,,,,,,,,,,,,,,,,,,,,,,,,,,,,,,,,,,,,,,,,,,,,,,,,,,,,,,,,,,,0,0,1,0,0,0,0,0,1,0,0,0,0,0,0,0,0,0,0,0,0,0,0,0,0,1,speed of current equipment,5,,7,Farms,1,6,5,187,0,0,0,0,1,0,0,
8/14/2022 20:17,8/14/2022 20:25,100,449,1,8/14/2022 20:25,6,,11,consultant,,,0,0,0,1,0,plant diseases,0,0,0,0,0,0,0,0,0,1,,0,0,0,0,0,0,0,0,0,0,0,0,0,0,0,0,1,0,0,0,,1,1,0,0,0,0,0,0,0,0,1,0,1,0,0,0,0,0,0,0,0,0,0,0,0,,1,2,,,,,,,,,,,,,,,,,,,,,,,,,,,,,,,,,,,,,,,,,,,,,,,,,,,,,,,,,,,,,,,,,,,,,,0,0,1,0,0,0,0,1,0,0,0,0,0,0,0,1,0,0,0,1,0,1,0,0,0,0,,5,,6,,1,6,4,187,0,0,0,0,1,0,0,
8/15/2022 8:45,8/15/2022 8:56,100,643,1,8/15/2022 8:56,2,,1,,4,6,0,0,0,1,0,Agriculture,0,0,0,0,0,0,0,0,1,0,Commodity crop,0,0,0,0,0,0,0,0,0,0,1,0,0,0,0,0,1,0,0,0,,1,1,0,0,0,0,1,0,0,0,0,0,1,0,0,0,0,0,0,0,0,0,0,0,0,,1,1,0,1,0,0,0,,1,0,1,0,0,0,0,,1,1,1,0,0,0,,1,0,1,1,0,0,,,,,,,,,,,,,,,,,,,,,,0,0,0,0,1,0,0,0,0,1,0,0,0,0,0,1,0,0,,1,0,,,,,,,,,,,,,0,0,0,1,1,0,0,0,0,1,0,0,0,0,,,,3,,,,,187,,,,,,,,
8/16/2022 1:18,8/16/2022 1:26,100,481,1,8/16/2022 1:26,2,,1,,4,6,0,0,0,0,1,,0,0,0,0,0,0,0,0,0,1,,0,0,0,0,0,0,0,0,0,0,0,0,0,0,0,0,0,0,1,0,Potato,1,1,0,0,0,0,1,0,0,0,1,0,0,0,0,0,0,0,0,0,0,0,0,0,0,,4,2,,,,,,,,,,,,,,,,,,,,,,,,,,,,,,,,,,,,,,,,,,,,,,,,,,,,,,,,,,,,,,,,,,,,,,0,0,1,1,1,0,0,1,1,1,1,0,0,0,0,1,1,0,0,0,0,0,1,0,0,0,,6,,,,1,4,5,122,,,,,,,,
8/16/2022 10:10,8/16/2022 10:13,100,209,1,8/16/2022 10:13,3,,2,,,,0,0,0,1,0,arthropod pests,1,0,0,0,0,0,0,0,0,0,,0,0,0,0,1,0,0,0,0,0,0,0,0,0,0,0,0,0,0,0,,0,0,0,0,0,0,0,1,0,0,0,0,0,0,0,0,0,0,0,0,0,0,0,0,0,,1,3,,,,,,,,,,,,,,,,,,,,,,,,,,,,,,,,,,,,,,,,,,,,,,,,,,,,,,,,,,,,,,,,,,,,,,,,,,,,,,,,,,0,1,1,1,0,0,0,0,0,0,0,0,0,0,,,,,,2,2,7,187,0,0,0,0,1,0,0,
8/16/2022 10:21,8/16/2022 10:27,100,332,1,8/16/2022 10:27,4,,3,,,,0,0,0,1,0,Agricultural Entomology,1,0,0,0,0,0,0,0,0,0,,0,0,0,0,1,0,0,0,0,0,0,0,1,0,0,1,1,1,0,0,,1,0,1,0,0,0,0,1,0,0,0,0,0,0,0,0,0,0,0,0,0,0,0,0,0,,3,3,,,,,,,,,,,,,,,,,,,,,,,,,,,,,,,,,,,,,,,,,,,,,,,,,,,,,,,,,,,,,,,,,,,,,,,,,,,,,,,,,,0,0,0,0,0,0,0,0,0,0,0,0,1,0,,,,,,2,3,4,187,0,0,0,0,1,0,0,
8/16/2022 12:08,8/16/2022 12:16,100,481,1,8/16/2022 12:16,2,,1,,4,3,1,0,0,1,0,plant health,0,0,0,0,0,0,0,0,0,1,,0,0,1,0,1,0,1,0,0,0,1,1,1,1,0,1,1,0,0,0,,1,1,0,0,0,0,0,0,0,0,1,0,0,0,0,0,0,0,0,0,1,0,0,0,0,,1,1,1,1,1,0,0,,0,1,1,1,0,0,0,,1,0,0,0,0,0,,0,0,1,1,1,0,,0,0,0,0,0,0,0,1,0,,0,0,0,0,0,0,0,1,0,,0,0,1,0,0,0,0,1,0,0,0,0,0,0,1,0,1,0,,0,0,,,,,,,,,,,,,0,0,0,1,1,0,0,0,1,0,0,0,0,0,,6,,5,,1,6,5,31,,,,,,,,
8/11/2022 7:20,8/11/2022 7:24,76,266,0,8/18/2022 7:24,2,,10,,,,0,0,0,0,1,,0,0,0,0,0,0,0,0,0,1,,0,0,1,0,0,0,0,0,0,0,1,0,1,1,0,1,0,1,0,0,,0,1,0,0,0,0,0,0,0,0,0,0,0,0,0,0,0,0,0,0,0,1,1,0,0,,3,3,,,,,,,,,,,,,,,,,,,,,,,,,,,,,,,,,,,,,,,,,,,,,,,,,,,,,,,,,,,,,,,,,,,,,,,,,,,,,,,,,,,,,,,,,,,,,,,,,,,,,,,,,,,,,,,,
8/11/2022 7:48,8/11/2022 8:15,50,1602,0,8/18/2022 8:15,1,,1,,2,3,0,0,0,1,0,crops,0,0,0,0,0,0,0,0,0,1,,0,0,0,0,0,0,0,0,0,0,0,0,1,0,0,0,0,0,0,0,,1,1,0,0,0,0,1,0,0,0,0,0,0,0,0,0,0,0,0,0,0,1,0,0,0,,2,1,0,1,0,0,0,,1,1,1,0,0,0,0,,1,0,0,0,0,0,,1,0,0,0,0,0,,,,,,,,,,,,,,,,,,,,,,,,,,,,,,,,,,,,,,,,,,,,,,,,,,,,,,,,,,,,,,,,,,,,,,,,,,,,,,,,,,,,,
8/18/2022 4:52,8/18/2022 10:06,100,18809,1,8/18/2022 10:06,2,,1,,4,6,1,0,0,0,0,,0,0,0,0,0,0,0,0,0,1,,0,0,0,0,0,0,0,0,0,0,0,0,1,0,0,0,0,0,0,0,,1,1,0,0,0,0,0,0,0,0,0,0,0,0,0,0,0,0,0,0,1,0,1,0,0,,4,3,,,,,,,,,,,,,,,,,,,,,,,,,,,,,,,,,,,,,,,,,,,,,,,,,,,,,,,,,,,,,,,,,,,,,,,,,,,,,,,,,,1,1,0,0,0,0,0,0,0,0,0,1,0,0,,,,,,1,5,4,78,,,,,,,,
8/11/2022 10:29,8/11/2022 10:32,76,186,0,8/18/2022 10:32,2,,2,,,,0,0,0,1,0,Pesticides,0,0,0,0,0,0,0,0,0,1,,0,0,1,0,0,0,0,0,0,0,0,1,1,1,0,0,1,1,0,0,,0,1,0,0,0,0,0,0,0,0,0,0,0,0,0,0,0,0,0,0,0,0,0,0,0,,2,2,,,,,,,,,,,,,,,,,,,,,,,,,,,,,,,,,,,,,,,,,,,,,,,,,,,,,,,,,,,,,,,,,,,,,,0,1,1,0,0,0,0,0,1,0,0,0,,,,,,,,,,,,,,,,,,,,,,,,,,,,,,,
8/18/2022 11:23,8/18/2022 11:25,100,134,1,8/18/2022 11:25,,,,,,,,,,,,,,,,,,,,,,,,,,,,,,,,,,,,,,,,,,,,,,,,,,,,,,,,,,,,,,,,,,,,,,,,,,,,,,,,,,,,,,,,,,,,,,,,,,,,,,,,,,,,,,,,,,,,,,,,,,,,,,,,,,,,,,,,,,,,,,,,,,,,,,,,,,,,,,,,,,,,,,,,,,,,,,,,,,,,,,,,
8/18/2022 11:23,8/18/2022 11:30,100,428,1,8/18/2022 11:30,1,,5,,,,0,0,0,0,1,,0,0,0,0,0,0,0,0,0,1,,0,0,0,0,0,0,0,0,0,0,1,0,1,0,0,0,0,0,0,0,,0,1,0,0,0,0,1,0,0,0,0,0,0,0,0,0,0,0,1,0,0,0,0,0,0,,2,2,,,,,,,,,,,,,,,,,,,,,,,,,,,,,,,,,,,,,,,,,,,,,,,,,,,,,,,,,,,,,,,,,,,,,,0,1,1,0,0,0,0,1,1,0,0,0,0,1,1,0,0,0,0,0,0,0,0,1,0,0,,6,,1,,1,2,5,187,0,1,0,0,0,0,0,
8/23/2022 3:45,8/23/2022 5:08,100,5013,1,8/23/2022 5:08,2,,3,,,,1,1,1,0,0,,0,0,0,0,0,0,0,0,0,1,,0,0,0,0,0,0,0,0,0,0,0,0,1,0,0,0,0,0,0,0,,0,1,0,0,0,0,0,0,0,0,1,1,0,0,0,0,0,0,0,0,0,0,0,0,0,,1,1,1,1,0,0,0,,1,0,1,0,0,0,0,,1,0,0,0,0,0,,0,0,1,0,0,0,,0,1,0,0,0,0,0,0,0,,0,0,0,0,0,0,0,1,0,,0,0,1,1,0,0,0,1,0,0,0,0,0,1,0,1,1,0,,1,0,,,,,,,,,,,,,0,0,0,1,1,0,1,0,0,0,0,0,0,0,,6,,3,,1,4,4,122,,,,,,,,
8/25/2022 7:02,8/25/2022 7:12,100,615,1,8/25/2022 7:12,5,,5,,,,1,0,0,0,0,,0,0,0,0,0,0,0,0,0,1,,0,0,1,0,0,0,0,0,0,0,0,1,1,0,0,0,0,0,0,0,,0,1,0,0,0,0,0,0,0,0,0,0,0,0,0,0,0,0,0,0,1,0,0,0,0,,2,2,,,,,,,,,,,,,,,,,,,,,,,,,,,,,,,,,,,,,,,,,,,,,,,,,,,,,,,,,,,,,,,,,,,,,,0,0,1,0,0,0,0,0,0,0,1,0,0,1,0,0,1,0,0,0,0,0,1,0,0,0,,5,,5,,1,2,4,187,0,1,0,0,0,0,0,
